persona,game,world,cause_of_death,jump_count,coins_collected,avg_vx,progress_ratio,route,enemies_killed,bricks_destroyed,elapsed_time
experienced,meatboy,7,Saw,1,0,281.53,0.393,"[(105.0, 237.0), (130.2, 228.1), (170.2, 179.4), (207.2, 149.5), (243.7, 138.5), (282.2, 146.4), (322.2, 173.1), (362.2, 218.6), (402.2, 283.0), (442.2, 366.2)]",0,0,1.23
experienced,meatboy,7,Saw,1,0,84.01,0.289,"[(105.0, 237.0), (92.8, 243.3), (113.4, 243.0), (132.3, 243.9), (152.1, 243.3), (170.1, 243.0), (186.3, 243.9), (200.8, 243.3), (213.4, 243.0), (227.0, 243.9), (238.8, 243.3), (251.4, 243.0), (262.3, 243.9), (279.4, 243.3), (302.8, 243.0), (317.3, 243.9), (324.2, 243.3), (330.7, 249.2), (329.4, 273.9), (331.1, 317.5), (331.3, 379.9)]",0,0,2.72
experienced,meatboy,7,Pit,0,0,-23.09,0.002,"[(105.0, 237.0), (123.0, 243.3), (118.8, 243.0), (114.6, 243.9), (110.3, 243.3), (106.1, 243.0), (101.9, 243.9), (97.7, 243.3), (93.4, 243.0), (89.2, 243.9), (85.0, 243.3), (80.8, 243.0), (76.6, 243.9), (72.3, 243.3), (68.1, 243.0), (63.9, 243.9), (59.7, 243.3), (55.4, 243.0), (51.2, 243.9), (47.0, 243.3), (42.8, 243.0), (38.6, 243.9), (27.9, 243.3), (19.7, 243.0), (-0.1, 243.9), (-13.8, 245.9), (-9.0, 266.0), (-9.0, 302.9), (-9.0, 342.6), (-9.0, 382.3), (-9.0, 422.0), (-9.0, 461.6), (-9.0, 501.3), (-4.7, 542.8)]",0,0,4.52
experienced,meatboy,7,Saw,2,0,198.57,0.465,"[(105.0, 237.0), (130.2, 243.3), (170.2, 243.0), (210.2, 243.9), (250.2, 243.3), (290.2, 243.0), (330.2, 221.7), (370.2, 175.3), (410.2, 147.8), (450.2, 139.2), (490.2, 149.4), (530.2, 178.4), (535.0, 218.1), (535.0, 257.8), (535.0, 297.5), (535.0, 337.2), (535.0, 376.9)]",0,0,2.25
experienced,meatboy,7,Saw,1,0,288.59,0.417,"[(105.0, 237.0), (130.2, 243.3), (170.2, 243.0), (210.2, 243.9), (250.2, 243.3), (290.2, 243.0), (330.2, 243.9), (370.2, 259.2), (410.2, 293.4), (450.2, 346.4)]",0,0,1.3
experienced,meatboy,7,Saw,0,0,45.58,0.286,"[(105.0, 237.0), (84.2, 243.3), (93.3, 243.0), (132.7, 243.9), (172.7, 243.3), (212.7, 243.0), (252.7, 243.9), (277.1, 243.3), (278.2, 243.0), (279.3, 243.9), (280.4, 243.3), (281.6, 243.0), (282.7, 243.9), (283.8, 243.3), (284.9, 243.0), (286.0, 243.9), (287.1, 243.3), (288.2, 243.0), (289.3, 243.9), (290.4, 243.3), (291.6, 243.0), (296.8, 243.9), (318.2, 243.3), (319.3, 243.0), (320.4, 243.9), (321.6, 243.3), (322.7, 243.0), (323.8, 243.9), (324.9, 243.3), (326.0, 243.0), (327.1, 243.9), (328.2, 243.3), (329.1, 244.8), (329.0, 262.4), (329.0, 297.9), (329.0, 337.6), (329.0, 377.3)]",0,0,4.92
experienced,meatboy,7,Saw,1,0,288.59,0.417,"[(105.0, 237.0), (130.2, 243.3), (170.2, 243.0), (210.2, 243.9), (250.2, 243.3), (290.2, 243.0), (330.2, 243.9), (370.2, 259.2), (410.2, 293.4), (450.2, 346.4)]",0,0,1.3
experienced,meatboy,7,Saw,0,0,288.59,0.417,"[(105.0, 237.0), (130.2, 243.3), (170.2, 243.0), (210.2, 243.9), (250.2, 243.3), (290.2, 243.0), (330.2, 243.9), (370.2, 259.2), (410.2, 293.4), (450.2, 346.4)]",0,0,1.3
experienced,meatboy,7,Saw,0,0,205.5,0.359,"[(105.0, 237.0), (107.2, 243.3), (137.6, 243.0), (172.9, 243.9), (208.6, 243.3), (245.7, 243.0), (280.0, 243.9), (317.6, 243.3), (347.9, 249.2), (374.0, 273.9), (394.8, 317.5), (410.2, 379.9)]",0,0,1.5
experienced,meatboy,7,Saw,0,0,288.59,0.417,"[(105.0, 237.0), (130.2, 243.3), (170.2, 243.0), (210.2, 243.9), (250.2, 243.3), (290.2, 243.0), (330.2, 243.9), (370.2, 259.2), (410.2, 293.4), (450.2, 346.4)]",0,0,1.3
experienced,meatboy,7,Saw,2,0,198.57,0.465,"[(105.0, 237.0), (130.2, 243.3), (170.2, 243.0), (210.2, 243.9), (250.2, 243.3), (290.2, 243.0), (330.2, 221.7), (370.2, 175.3), (410.2, 147.8), (450.2, 139.2), (490.2, 149.4), (530.2, 178.4), (535.0, 218.1), (535.0, 257.8), (535.0, 297.5), (535.0, 337.2), (535.0, 376.9)]",0,0,2.25
experienced,meatboy,7,Saw,1,0,281.53,0.393,"[(105.0, 237.0), (130.2, 228.1), (170.2, 179.4), (207.2, 149.5), (243.7, 138.5), (282.2, 146.4), (322.2, 173.1), (362.2, 218.6), (402.2, 283.0), (442.2, 366.2)]",0,0,1.23
experienced,meatboy,7,Saw,0,0,288.59,0.417,"[(105.0, 237.0), (130.2, 243.3), (170.2, 243.0), (210.2, 243.9), (250.2, 243.3), (290.2, 243.0), (330.2, 243.9), (370.2, 259.2), (410.2, 293.4), (450.2, 346.4)]",0,0,1.3
experienced,meatboy,7,Saw,0,0,205.5,0.359,"[(105.0, 237.0), (107.2, 243.3), (137.6, 243.0), (172.9, 243.9), (208.6, 243.3), (245.7, 243.0), (280.0, 243.9), (317.6, 243.3), (347.9, 249.2), (374.0, 273.9), (394.8, 317.5), (410.2, 379.9)]",0,0,1.5
experienced,meatboy,7,Stuck,0,0,-23.08,0.0,"[(105.0, 237.0), (123.0, 243.3), (118.8, 243.0), (114.6, 243.9), (110.3, 243.3), (106.1, 243.0), (101.9, 243.9), (97.7, 243.3), (93.4, 243.0), (89.2, 243.9), (85.0, 243.3), (80.8, 243.0), (76.6, 243.9), (72.3, 243.3), (68.1, 243.0), (63.9, 243.9), (59.7, 243.3), (55.4, 243.0), (51.2, 243.9), (47.0, 243.3), (42.8, 243.0), (38.6, 243.9), (34.3, 243.3), (30.1, 243.0), (25.9, 243.9), (21.7, 243.3), (17.4, 243.0), (13.2, 243.9), (9.0, 243.3), (1.9, 243.0), (-4.1, 243.9), (-14.0, 245.9), (-9.0, 266.0), (-9.0, 302.9), (-9.0, 342.6), (-9.0, 382.3), (-9.0, 422.0), (-9.0, 461.6)]",0,0,5.02
experienced,meatboy,7,Stuck,0,0,0.0,0.091,"[(105.0, 237.0), (105.0, 243.3), (105.0, 243.0), (105.0, 243.9), (105.0, 243.3), (105.0, 243.0), (105.0, 243.9), (105.0, 243.3), (105.0, 243.0), (105.0, 243.9), (105.0, 243.3), (105.0, 243.0), (105.0, 243.9), (105.0, 243.3), (105.0, 243.0), (105.0, 243.9), (105.0, 243.3), (105.0, 243.0), (105.0, 243.9), (105.0, 243.3), (105.0, 243.0), (105.0, 243.9), (105.0, 243.3), (105.0, 243.0), (105.0, 243.9), (105.0, 243.3), (105.0, 243.0), (105.0, 243.9), (105.0, 243.3), (105.0, 243.0), (105.0, 243.9), (105.0, 243.3), (105.0, 243.0), (105.0, 243.9), (105.0, 243.3), (105.0, 243.0), (105.0, 243.9), (105.0, 243.3)]",0,0,5.02
experienced,meatboy,7,Saw,0,0,288.59,0.417,"[(105.0, 237.0), (130.2, 243.3), (170.2, 243.0), (210.2, 243.9), (250.2, 243.3), (290.2, 243.0), (330.2, 243.9), (370.2, 259.2), (410.2, 293.4), (450.2, 346.4)]",0,0,1.3
experienced,meatboy,7,Saw,2,0,205.21,0.464,"[(105.0, 237.0), (130.2, 243.3), (170.2, 243.0), (210.2, 243.9), (250.2, 243.3), (290.2, 243.0), (330.2, 195.5), (370.2, 158.6), (410.2, 140.6), (450.2, 141.3), (490.2, 161.0), (530.2, 199.4), (535.0, 240.3), (535.0, 280.0), (535.0, 319.7), (535.0, 359.4), (535.0, 399.0)]",0,0,2.17
experienced,meatboy,7,Saw,2,0,205.21,0.464,"[(105.0, 237.0), (130.2, 243.3), (170.2, 243.0), (210.2, 243.9), (250.2, 243.3), (290.2, 243.0), (330.2, 195.5), (370.2, 158.6), (410.2, 140.6), (450.2, 141.3), (490.2, 161.0), (530.2, 199.4), (535.0, 240.3), (535.0, 280.0), (535.0, 319.7), (535.0, 359.4), (535.0, 399.0)]",0,0,2.17
experienced,meatboy,7,Saw,1,0,287.67,0.403,"[(105.0, 237.0), (130.2, 228.1), (170.2, 179.4), (210.2, 149.5), (250.1, 138.5), (289.6, 146.4), (329.6, 173.1), (369.6, 218.6), (409.6, 283.0), (449.6, 366.2)]",0,0,1.25
experienced,meatboy,7,Saw,2,0,205.21,0.464,"[(105.0, 237.0), (130.2, 243.3), (170.2, 243.0), (210.2, 243.9), (250.2, 243.3), (290.2, 243.0), (330.2, 195.5), (370.2, 158.6), (410.2, 140.6), (450.2, 141.3), (490.2, 161.0), (530.2, 199.4), (535.0, 240.3), (535.0, 280.0), (535.0, 319.7), (535.0, 359.4), (535.0, 399.0)]",0,0,2.17
experienced,meatboy,7,Saw,2,0,205.21,0.464,"[(105.0, 237.0), (130.2, 243.3), (170.2, 243.0), (210.2, 243.9), (250.2, 243.3), (290.2, 243.0), (330.2, 195.5), (370.2, 158.6), (410.2, 140.6), (450.2, 141.3), (490.2, 161.0), (530.2, 199.4), (535.0, 240.3), (535.0, 280.0), (535.0, 319.7), (535.0, 359.4), (535.0, 399.0)]",0,0,2.17
experienced,meatboy,7,Saw,2,0,198.57,0.465,"[(105.0, 237.0), (130.2, 243.3), (170.2, 243.0), (210.2, 243.9), (250.2, 243.3), (290.2, 243.0), (330.2, 221.7), (370.2, 175.3), (410.2, 147.8), (450.2, 139.2), (490.2, 149.4), (530.2, 178.4), (535.0, 218.1), (535.0, 257.8), (535.0, 297.5), (535.0, 337.2), (535.0, 376.9)]",0,0,2.25
experienced,meatboy,7,Saw,1,0,287.67,0.403,"[(105.0, 237.0), (130.2, 228.1), (170.2, 179.4), (210.2, 149.5), (250.1, 138.5), (289.6, 146.4), (329.6, 173.1), (369.6, 218.6), (409.6, 283.0), (449.6, 366.2)]",0,0,1.25
experienced,meatboy,7,Pit,2,0,-16.17,0.023,"[(105.0, 237.0), (123.0, 243.3), (118.8, 243.0), (114.6, 243.9), (110.3, 243.3), (106.1, 243.0), (101.9, 243.9), (97.7, 243.3), (93.4, 243.0), (89.2, 243.9), (85.0, 243.3), (80.8, 243.0), (76.6, 243.9), (72.3, 243.3), (68.1, 243.0), (63.9, 243.9), (59.7, 243.3), (55.4, 243.0), (51.2, 243.9), (47.0, 243.3), (42.8, 243.0), (38.6, 243.9), (34.3, 243.3), (30.1, 243.0), (25.9, 243.9), (21.7, 243.3), (14.6, 243.0), (4.6, 243.9), (-6.3, 243.3), (-13.0, 249.2), (-9.0, 273.9), (-9.0, 312.8), (-9.0, 352.5), (-9.0, 392.2), (-9.0, 431.9), (-9.0, 471.6), (-9.0, 511.3), (1.8, 555.4)]",0,0,5.02
experienced,meatboy,7,Saw,2,0,205.21,0.464,"[(105.0, 237.0), (130.2, 243.3), (170.2, 243.0), (210.2, 243.9), (250.2, 243.3), (290.2, 243.0), (330.2, 195.5), (370.2, 158.6), (410.2, 140.6), (450.2, 141.3), (490.2, 161.0), (530.2, 199.4), (535.0, 240.3), (535.0, 280.0), (535.0, 319.7), (535.0, 359.4), (535.0, 399.0)]",0,0,2.17
experienced,meatboy,7,Saw,1,0,194.57,0.464,"[(105.0, 237.0), (130.2, 243.3), (170.2, 243.0), (210.2, 243.9), (250.2, 243.3), (290.2, 243.0), (330.2, 243.9), (370.2, 190.5), (410.2, 155.9), (450.2, 140.2), (490.2, 143.4), (530.2, 165.3), (535.0, 203.2), (535.0, 242.9), (535.0, 282.6), (535.0, 322.3), (535.0, 362.0), (535.0, 401.7)]",0,0,2.3
experienced,meatboy,7,Saw,1,0,288.59,0.417,"[(105.0, 237.0), (130.2, 243.3), (170.2, 243.0), (210.2, 243.9), (250.2, 243.3), (290.2, 243.0), (330.2, 243.9), (370.2, 259.2), (410.2, 293.4), (450.2, 346.4)]",0,0,1.3
experienced,meatboy,7,Saw,1,0,283.93,0.399,"[(105.0, 237.0), (130.2, 228.1), (170.1, 179.4), (207.1, 149.5), (246.0, 138.5), (284.9, 146.4), (324.9, 173.1), (364.9, 218.6), (404.9, 283.0), (444.9, 366.2)]",0,0,1.25
experienced,meatboy,7,Saw,2,0,205.21,0.464,"[(105.0, 237.0), (130.2, 243.3), (170.2, 243.0), (210.2, 243.9), (250.2, 243.3), (290.2, 243.0), (330.2, 195.5), (370.2, 158.6), (410.2, 140.6), (450.2, 141.3), (490.2, 161.0), (530.2, 199.4), (535.0, 240.3), (535.0, 280.0), (535.0, 319.7), (535.0, 359.4), (535.0, 399.0)]",0,0,2.17
experienced,meatboy,7,Saw,1,0,194.57,0.464,"[(105.0, 237.0), (130.2, 243.3), (170.2, 243.0), (210.2, 243.9), (250.2, 243.3), (290.2, 243.0), (330.2, 243.9), (370.2, 190.5), (410.2, 155.9), (450.2, 140.2), (490.2, 143.4), (530.2, 165.3), (535.0, 203.2), (535.0, 242.9), (535.0, 282.6), (535.0, 322.3), (535.0, 362.0), (535.0, 401.7)]",0,0,2.3
experienced,meatboy,7,Saw,2,0,205.21,0.464,"[(105.0, 237.0), (130.2, 243.3), (170.2, 243.0), (210.2, 243.9), (250.2, 243.3), (290.2, 243.0), (330.2, 195.5), (370.2, 158.6), (410.2, 140.6), (450.2, 141.3), (490.2, 161.0), (530.2, 199.4), (535.0, 240.3), (535.0, 280.0), (535.0, 319.7), (535.0, 359.4), (535.0, 399.0)]",0,0,2.17
experienced,meatboy,7,Saw,2,0,205.21,0.464,"[(105.0, 237.0), (130.2, 243.3), (170.2, 243.0), (210.2, 243.9), (250.2, 243.3), (290.2, 243.0), (330.2, 195.5), (370.2, 158.6), (410.2, 140.6), (450.2, 141.3), (490.2, 161.0), (530.2, 199.4), (535.0, 240.3), (535.0, 280.0), (535.0, 319.7), (535.0, 359.4), (535.0, 399.0)]",0,0,2.17
experienced,meatboy,7,Saw,2,0,198.57,0.465,"[(105.0, 237.0), (130.2, 243.3), (170.2, 243.0), (210.2, 243.9), (250.2, 243.3), (290.2, 243.0), (330.2, 221.7), (370.2, 175.3), (410.2, 147.8), (450.2, 139.2), (490.2, 149.4), (530.2, 178.4), (535.0, 218.1), (535.0, 257.8), (535.0, 297.5), (535.0, 337.2), (535.0, 376.9)]",0,0,2.25
experienced,meatboy,7,Success,4,0,230.35,0.857,"[(105.0, 237.0), (130.2, 243.3), (170.2, 243.0), (210.2, 243.9), (250.2, 243.3), (290.2, 243.0), (330.2, 195.5), (370.2, 158.6), (410.2, 140.6), (450.2, 141.3), (490.2, 161.0), (530.2, 199.4), (473.0, 158.7), (416.3, 106.1), (405.9, 72.4), (437.8, 57.4), (477.8, 61.4), (517.8, 84.2), (557.8, 115.3), (597.8, 92.8), (637.8, 46.4), (677.8, 18.9), (717.8, 10.3), (757.8, 20.5), (797.8, 49.5), (837.8, 97.4), (877.8, 164.2), (917.8, 243.0), (957.8, 243.9)]",0,0,3.83
experienced,meatboy,7,Saw,1,0,288.59,0.417,"[(105.0, 237.0), (130.2, 243.3), (170.2, 243.0), (210.2, 243.9), (250.2, 243.3), (290.2, 243.0), (330.2, 243.9), (370.2, 259.2), (410.2, 293.4), (450.2, 346.4)]",0,0,1.3
experienced,meatboy,7,Saw,1,0,194.57,0.464,"[(105.0, 237.0), (130.2, 243.3), (170.2, 243.0), (210.2, 243.9), (250.2, 243.3), (290.2, 243.0), (330.2, 243.9), (370.2, 190.5), (410.2, 155.9), (450.2, 140.2), (490.2, 143.4), (530.2, 165.3), (535.0, 203.2), (535.0, 242.9), (535.0, 282.6), (535.0, 322.3), (535.0, 362.0), (535.0, 401.7)]",0,0,2.3
experienced,meatboy,7,Saw,2,0,194.57,0.464,"[(105.0, 237.0), (130.2, 243.3), (170.2, 243.0), (210.2, 243.9), (250.2, 243.3), (290.2, 243.0), (330.2, 243.9), (370.2, 190.5), (410.2, 155.9), (450.2, 140.2), (490.2, 143.4), (530.2, 165.3), (535.0, 203.2), (535.0, 242.9), (535.0, 282.6), (535.0, 322.3), (535.0, 362.0), (535.0, 401.7)]",0,0,2.3
experienced,meatboy,7,Saw,2,0,158.21,0.464,"[(105.0, 237.0), (123.0, 243.3), (131.6, 243.0), (138.9, 243.9), (147.7, 243.3), (157.7, 243.0), (171.2, 243.9), (193.7, 243.3), (222.2, 243.0), (258.6, 243.9), (298.6, 235.3), (338.6, 184.3), (378.6, 152.1), (418.6, 138.7), (458.6, 144.2), (498.6, 168.5), (535.0, 211.7), (535.0, 251.4), (535.0, 291.1), (535.0, 330.8), (535.0, 370.5), (535.0, 410.1)]",0,0,2.8
experienced,meatboy,7,Saw,2,0,212.72,0.465,"[(105.0, 237.0), (130.2, 243.3), (170.2, 243.0), (210.2, 243.9), (250.2, 243.3), (290.2, 220.8), (330.2, 174.4), (370.2, 146.9), (410.2, 138.3), (450.2, 148.5), (490.2, 177.5), (530.2, 225.4), (535.0, 267.5), (535.0, 307.2), (535.0, 346.9), (535.0, 386.5)]",0,0,2.08
experienced,meatboy,7,Success,4,0,230.35,0.857,"[(105.0, 237.0), (130.2, 243.3), (170.2, 243.0), (210.2, 243.9), (250.2, 243.3), (290.2, 243.0), (330.2, 195.5), (370.2, 158.6), (410.2, 140.6), (450.2, 141.3), (490.2, 161.0), (530.2, 199.4), (473.0, 158.7), (416.3, 106.1), (405.9, 72.4), (437.8, 57.4), (477.8, 61.4), (517.8, 84.2), (557.8, 115.3), (597.8, 92.8), (637.8, 46.4), (677.8, 18.9), (717.8, 10.3), (757.8, 20.5), (797.8, 49.5), (837.8, 97.4), (877.8, 164.2), (917.8, 243.0), (957.8, 243.9)]",0,0,3.83
experienced,meatboy,7,Saw,2,0,194.57,0.464,"[(105.0, 237.0), (130.2, 243.3), (170.2, 243.0), (210.2, 243.9), (250.2, 243.3), (290.2, 243.0), (330.2, 243.9), (370.2, 190.5), (410.2, 155.9), (450.2, 140.2), (490.2, 143.4), (530.2, 165.3), (535.0, 203.2), (535.0, 242.9), (535.0, 282.6), (535.0, 322.3), (535.0, 362.0), (535.0, 401.7)]",0,0,2.3
experienced,meatboy,7,Saw,1,0,194.57,0.464,"[(105.0, 237.0), (130.2, 243.3), (170.2, 243.0), (210.2, 243.9), (250.2, 243.3), (290.2, 243.0), (330.2, 243.9), (370.2, 190.5), (410.2, 155.9), (450.2, 140.2), (490.2, 143.4), (530.2, 165.3), (535.0, 203.2), (535.0, 242.9), (535.0, 282.6), (535.0, 322.3), (535.0, 362.0), (535.0, 401.7)]",0,0,2.3
experienced,meatboy,7,Saw,1,0,194.57,0.464,"[(105.0, 237.0), (130.2, 243.3), (170.2, 243.0), (210.2, 243.9), (250.2, 243.3), (290.2, 243.0), (330.2, 243.9), (370.2, 190.5), (410.2, 155.9), (450.2, 140.2), (490.2, 143.4), (530.2, 165.3), (535.0, 203.2), (535.0, 242.9), (535.0, 282.6), (535.0, 322.3), (535.0, 362.0), (535.0, 401.7)]",0,0,2.3
experienced,meatboy,7,Saw,2,0,205.21,0.464,"[(105.0, 237.0), (130.2, 243.3), (170.2, 243.0), (210.2, 243.9), (250.2, 243.3), (290.2, 243.0), (330.2, 195.5), (370.2, 158.6), (410.2, 140.6), (450.2, 141.3), (490.2, 161.0), (530.2, 199.4), (535.0, 240.3), (535.0, 280.0), (535.0, 319.7), (535.0, 359.4), (535.0, 399.0)]",0,0,2.17
experienced,meatboy,7,Success,4,0,230.35,0.857,"[(105.0, 237.0), (130.2, 243.3), (170.2, 243.0), (210.2, 243.9), (250.2, 243.3), (290.2, 243.0), (330.2, 195.5), (370.2, 158.6), (410.2, 140.6), (450.2, 141.3), (490.2, 161.0), (530.2, 199.4), (473.0, 158.7), (416.3, 106.1), (405.9, 72.4), (437.8, 57.4), (477.8, 61.4), (517.8, 84.2), (557.8, 115.3), (597.8, 92.8), (637.8, 46.4), (677.8, 18.9), (717.8, 10.3), (757.8, 20.5), (797.8, 49.5), (837.8, 97.4), (877.8, 164.2), (917.8, 243.0), (957.8, 243.9)]",0,0,3.83
experienced,meatboy,7,Saw,2,0,205.21,0.464,"[(105.0, 237.0), (130.2, 243.3), (170.2, 243.0), (210.2, 243.9), (250.2, 243.3), (290.2, 243.0), (330.2, 195.5), (370.2, 158.6), (410.2, 140.6), (450.2, 141.3), (490.2, 161.0), (530.2, 199.4), (535.0, 240.3), (535.0, 280.0), (535.0, 319.7), (535.0, 359.4), (535.0, 399.0)]",0,0,2.17
experienced,meatboy,7,Success,4,0,230.35,0.857,"[(105.0, 237.0), (130.2, 243.3), (170.2, 243.0), (210.2, 243.9), (250.2, 243.3), (290.2, 243.0), (330.2, 195.5), (370.2, 158.6), (410.2, 140.6), (450.2, 141.3), (490.2, 161.0), (530.2, 199.4), (473.0, 158.7), (416.3, 106.1), (405.9, 72.4), (437.8, 57.4), (477.8, 61.4), (517.8, 84.2), (557.8, 115.3), (597.8, 92.8), (637.8, 46.4), (677.8, 18.9), (717.8, 10.3), (757.8, 20.5), (797.8, 49.5), (837.8, 97.4), (877.8, 164.2), (917.8, 243.0), (957.8, 243.9)]",0,0,3.83
experienced,meatboy,7,Saw,2,0,198.57,0.465,"[(105.0, 237.0), (130.2, 243.3), (170.2, 243.0), (210.2, 243.9), (250.2, 243.3), (290.2, 243.0), (330.2, 221.7), (370.2, 175.3), (410.2, 147.8), (450.2, 139.2), (490.2, 149.4), (530.2, 178.4), (535.0, 218.1), (535.0, 257.8), (535.0, 297.5), (535.0, 337.2), (535.0, 376.9)]",0,0,2.25
experienced,meatboy,7,Saw,2,0,205.21,0.464,"[(105.0, 237.0), (130.2, 243.3), (170.2, 243.0), (210.2, 243.9), (250.2, 243.3), (290.2, 243.0), (330.2, 195.5), (370.2, 158.6), (410.2, 140.6), (450.2, 141.3), (490.2, 161.0), (530.2, 199.4), (535.0, 240.3), (535.0, 280.0), (535.0, 319.7), (535.0, 359.4), (535.0, 399.0)]",0,0,2.17
experienced,meatboy,7,Success,4,0,230.35,0.857,"[(105.0, 237.0), (130.2, 243.3), (170.2, 243.0), (210.2, 243.9), (250.2, 243.3), (290.2, 243.0), (330.2, 195.5), (370.2, 158.6), (410.2, 140.6), (450.2, 141.3), (490.2, 161.0), (530.2, 199.4), (473.0, 158.7), (416.3, 106.1), (405.9, 72.4), (437.8, 57.4), (477.8, 61.4), (517.8, 84.2), (557.8, 115.3), (597.8, 92.8), (637.8, 46.4), (677.8, 18.9), (717.8, 10.3), (757.8, 20.5), (797.8, 49.5), (837.8, 97.4), (877.8, 164.2), (917.8, 243.0), (957.8, 243.9)]",0,0,3.83
experienced,meatboy,7,Success,4,0,230.35,0.857,"[(105.0, 237.0), (130.2, 243.3), (170.2, 243.0), (210.2, 243.9), (250.2, 243.3), (290.2, 243.0), (330.2, 195.5), (370.2, 158.6), (410.2, 140.6), (450.2, 141.3), (490.2, 161.0), (530.2, 199.4), (473.0, 158.7), (416.3, 106.1), (405.9, 72.4), (437.8, 57.4), (477.8, 61.4), (517.8, 84.2), (557.8, 115.3), (597.8, 92.8), (637.8, 46.4), (677.8, 18.9), (717.8, 10.3), (757.8, 20.5), (797.8, 49.5), (837.8, 97.4), (877.8, 164.2), (917.8, 243.0), (957.8, 243.9)]",0,0,3.83
experienced,meatboy,7,Success,4,0,230.35,0.857,"[(105.0, 237.0), (130.2, 243.3), (170.2, 243.0), (210.2, 243.9), (250.2, 243.3), (290.2, 243.0), (330.2, 195.5), (370.2, 158.6), (410.2, 140.6), (450.2, 141.3), (490.2, 161.0), (530.2, 199.4), (473.0, 158.7), (416.3, 106.1), (405.9, 72.4), (437.8, 57.4), (477.8, 61.4), (517.8, 84.2), (557.8, 115.3), (597.8, 92.8), (637.8, 46.4), (677.8, 18.9), (717.8, 10.3), (757.8, 20.5), (797.8, 49.5), (837.8, 97.4), (877.8, 164.2), (917.8, 243.0), (957.8, 243.9)]",0,0,3.83
experienced,meatboy,7,Saw,1,0,194.57,0.464,"[(105.0, 237.0), (130.2, 243.3), (170.2, 243.0), (210.2, 243.9), (250.2, 243.3), (290.2, 243.0), (330.2, 243.9), (370.2, 190.5), (410.2, 155.9), (450.2, 140.2), (490.2, 143.4), (530.2, 165.3), (535.0, 203.2), (535.0, 242.9), (535.0, 282.6), (535.0, 322.3), (535.0, 362.0), (535.0, 401.7)]",0,0,2.3
experienced,meatboy,7,Success,4,0,230.35,0.857,"[(105.0, 237.0), (130.2, 243.3), (170.2, 243.0), (210.2, 243.9), (250.2, 243.3), (290.2, 243.0), (330.2, 195.5), (370.2, 158.6), (410.2, 140.6), (450.2, 141.3), (490.2, 161.0), (530.2, 199.4), (473.0, 158.7), (416.3, 106.1), (405.9, 72.4), (437.8, 57.4), (477.8, 61.4), (517.8, 84.2), (557.8, 115.3), (597.8, 92.8), (637.8, 46.4), (677.8, 18.9), (717.8, 10.3), (757.8, 20.5), (797.8, 49.5), (837.8, 97.4), (877.8, 164.2), (917.8, 243.0), (957.8, 243.9)]",0,0,3.83
experienced,meatboy,7,Success,4,0,230.35,0.857,"[(105.0, 237.0), (130.2, 243.3), (170.2, 243.0), (210.2, 243.9), (250.2, 243.3), (290.2, 243.0), (330.2, 195.5), (370.2, 158.6), (410.2, 140.6), (450.2, 141.3), (490.2, 161.0), (530.2, 199.4), (473.0, 158.7), (416.3, 106.1), (405.9, 72.4), (437.8, 57.4), (477.8, 61.4), (517.8, 84.2), (557.8, 115.3), (597.8, 92.8), (637.8, 46.4), (677.8, 18.9), (717.8, 10.3), (757.8, 20.5), (797.8, 49.5), (837.8, 97.4), (877.8, 164.2), (917.8, 243.0), (957.8, 243.9)]",0,0,3.83
experienced,meatboy,7,Saw,2,0,205.21,0.464,"[(105.0, 237.0), (130.2, 243.3), (170.2, 243.0), (210.2, 243.9), (250.2, 243.3), (290.2, 243.0), (330.2, 195.5), (370.2, 158.6), (410.2, 140.6), (450.2, 141.3), (490.2, 161.0), (530.2, 199.4), (535.0, 240.3), (535.0, 280.0), (535.0, 319.7), (535.0, 359.4), (535.0, 399.0)]",0,0,2.17
experienced,meatboy,7,Success,4,0,230.35,0.857,"[(105.0, 237.0), (130.2, 243.3), (170.2, 243.0), (210.2, 243.9), (250.2, 243.3), (290.2, 243.0), (330.2, 195.5), (370.2, 158.6), (410.2, 140.6), (450.2, 141.3), (490.2, 161.0), (530.2, 199.4), (473.0, 158.7), (416.3, 106.1), (405.9, 72.4), (437.8, 57.4), (477.8, 61.4), (517.8, 84.2), (557.8, 115.3), (597.8, 92.8), (637.8, 46.4), (677.8, 18.9), (717.8, 10.3), (757.8, 20.5), (797.8, 49.5), (837.8, 97.4), (877.8, 164.2), (917.8, 243.0), (957.8, 243.9)]",0,0,3.83
experienced,meatboy,7,Success,4,0,230.35,0.857,"[(105.0, 237.0), (130.2, 243.3), (170.2, 243.0), (210.2, 243.9), (250.2, 243.3), (290.2, 243.0), (330.2, 195.5), (370.2, 158.6), (410.2, 140.6), (450.2, 141.3), (490.2, 161.0), (530.2, 199.4), (473.0, 158.7), (416.3, 106.1), (405.9, 72.4), (437.8, 57.4), (477.8, 61.4), (517.8, 84.2), (557.8, 115.3), (597.8, 92.8), (637.8, 46.4), (677.8, 18.9), (717.8, 10.3), (757.8, 20.5), (797.8, 49.5), (837.8, 97.4), (877.8, 164.2), (917.8, 243.0), (957.8, 243.9)]",0,0,3.83
experienced,meatboy,7,Success,4,0,230.35,0.857,"[(105.0, 237.0), (130.2, 243.3), (170.2, 243.0), (210.2, 243.9), (250.2, 243.3), (290.2, 243.0), (330.2, 195.5), (370.2, 158.6), (410.2, 140.6), (450.2, 141.3), (490.2, 161.0), (530.2, 199.4), (473.0, 158.7), (416.3, 106.1), (405.9, 72.4), (437.8, 57.4), (477.8, 61.4), (517.8, 84.2), (557.8, 115.3), (597.8, 92.8), (637.8, 46.4), (677.8, 18.9), (717.8, 10.3), (757.8, 20.5), (797.8, 49.5), (837.8, 97.4), (877.8, 164.2), (917.8, 243.0), (957.8, 243.9)]",0,0,3.83
experienced,meatboy,7,Success,4,0,230.35,0.857,"[(105.0, 237.0), (130.2, 243.3), (170.2, 243.0), (210.2, 243.9), (250.2, 243.3), (290.2, 243.0), (330.2, 195.5), (370.2, 158.6), (410.2, 140.6), (450.2, 141.3), (490.2, 161.0), (530.2, 199.4), (473.0, 158.7), (416.3, 106.1), (405.9, 72.4), (437.8, 57.4), (477.8, 61.4), (517.8, 84.2), (557.8, 115.3), (597.8, 92.8), (637.8, 46.4), (677.8, 18.9), (717.8, 10.3), (757.8, 20.5), (797.8, 49.5), (837.8, 97.4), (877.8, 164.2), (917.8, 243.0), (957.8, 243.9)]",0,0,3.83
experienced,meatboy,7,Success,4,0,230.35,0.857,"[(105.0, 237.0), (130.2, 243.3), (170.2, 243.0), (210.2, 243.9), (250.2, 243.3), (290.2, 243.0), (330.2, 195.5), (370.2, 158.6), (410.2, 140.6), (450.2, 141.3), (490.2, 161.0), (530.2, 199.4), (473.0, 158.7), (416.3, 106.1), (405.9, 72.4), (437.8, 57.4), (477.8, 61.4), (517.8, 84.2), (557.8, 115.3), (597.8, 92.8), (637.8, 46.4), (677.8, 18.9), (717.8, 10.3), (757.8, 20.5), (797.8, 49.5), (837.8, 97.4), (877.8, 164.2), (917.8, 243.0), (957.8, 243.9)]",0,0,3.83
experienced,meatboy,7,Success,4,0,230.35,0.857,"[(105.0, 237.0), (130.2, 243.3), (170.2, 243.0), (210.2, 243.9), (250.2, 243.3), (290.2, 243.0), (330.2, 195.5), (370.2, 158.6), (410.2, 140.6), (450.2, 141.3), (490.2, 161.0), (530.2, 199.4), (473.0, 158.7), (416.3, 106.1), (405.9, 72.4), (437.8, 57.4), (477.8, 61.4), (517.8, 84.2), (557.8, 115.3), (597.8, 92.8), (637.8, 46.4), (677.8, 18.9), (717.8, 10.3), (757.8, 20.5), (797.8, 49.5), (837.8, 97.4), (877.8, 164.2), (917.8, 243.0), (957.8, 243.9)]",0,0,3.83
experienced,meatboy,7,Success,4,0,230.35,0.857,"[(105.0, 237.0), (130.2, 243.3), (170.2, 243.0), (210.2, 243.9), (250.2, 243.3), (290.2, 243.0), (330.2, 195.5), (370.2, 158.6), (410.2, 140.6), (450.2, 141.3), (490.2, 161.0), (530.2, 199.4), (473.0, 158.7), (416.3, 106.1), (405.9, 72.4), (437.8, 57.4), (477.8, 61.4), (517.8, 84.2), (557.8, 115.3), (597.8, 92.8), (637.8, 46.4), (677.8, 18.9), (717.8, 10.3), (757.8, 20.5), (797.8, 49.5), (837.8, 97.4), (877.8, 164.2), (917.8, 243.0), (957.8, 243.9)]",0,0,3.83
experienced,meatboy,7,Success,4,0,230.35,0.857,"[(105.0, 237.0), (130.2, 243.3), (170.2, 243.0), (210.2, 243.9), (250.2, 243.3), (290.2, 243.0), (330.2, 195.5), (370.2, 158.6), (410.2, 140.6), (450.2, 141.3), (490.2, 161.0), (530.2, 199.4), (473.0, 158.7), (416.3, 106.1), (405.9, 72.4), (437.8, 57.4), (477.8, 61.4), (517.8, 84.2), (557.8, 115.3), (597.8, 92.8), (637.8, 46.4), (677.8, 18.9), (717.8, 10.3), (757.8, 20.5), (797.8, 49.5), (837.8, 97.4), (877.8, 164.2), (917.8, 243.0), (957.8, 243.9)]",0,0,3.83
experienced,meatboy,7,Success,4,0,230.35,0.857,"[(105.0, 237.0), (130.2, 243.3), (170.2, 243.0), (210.2, 243.9), (250.2, 243.3), (290.2, 243.0), (330.2, 195.5), (370.2, 158.6), (410.2, 140.6), (450.2, 141.3), (490.2, 161.0), (530.2, 199.4), (473.0, 158.7), (416.3, 106.1), (405.9, 72.4), (437.8, 57.4), (477.8, 61.4), (517.8, 84.2), (557.8, 115.3), (597.8, 92.8), (637.8, 46.4), (677.8, 18.9), (717.8, 10.3), (757.8, 20.5), (797.8, 49.5), (837.8, 97.4), (877.8, 164.2), (917.8, 243.0), (957.8, 243.9)]",0,0,3.83
experienced,meatboy,7,Success,4,0,230.35,0.857,"[(105.0, 237.0), (130.2, 243.3), (170.2, 243.0), (210.2, 243.9), (250.2, 243.3), (290.2, 243.0), (330.2, 195.5), (370.2, 158.6), (410.2, 140.6), (450.2, 141.3), (490.2, 161.0), (530.2, 199.4), (473.0, 158.7), (416.3, 106.1), (405.9, 72.4), (437.8, 57.4), (477.8, 61.4), (517.8, 84.2), (557.8, 115.3), (597.8, 92.8), (637.8, 46.4), (677.8, 18.9), (717.8, 10.3), (757.8, 20.5), (797.8, 49.5), (837.8, 97.4), (877.8, 164.2), (917.8, 243.0), (957.8, 243.9)]",0,0,3.83
experienced,meatboy,7,Success,4,0,230.35,0.857,"[(105.0, 237.0), (130.2, 243.3), (170.2, 243.0), (210.2, 243.9), (250.2, 243.3), (290.2, 243.0), (330.2, 195.5), (370.2, 158.6), (410.2, 140.6), (450.2, 141.3), (490.2, 161.0), (530.2, 199.4), (473.0, 158.7), (416.3, 106.1), (405.9, 72.4), (437.8, 57.4), (477.8, 61.4), (517.8, 84.2), (557.8, 115.3), (597.8, 92.8), (637.8, 46.4), (677.8, 18.9), (717.8, 10.3), (757.8, 20.5), (797.8, 49.5), (837.8, 97.4), (877.8, 164.2), (917.8, 243.0), (957.8, 243.9)]",0,0,3.83
experienced,meatboy,7,Saw,2,0,205.21,0.464,"[(105.0, 237.0), (130.2, 243.3), (170.2, 243.0), (210.2, 243.9), (250.2, 243.3), (290.2, 243.0), (330.2, 195.5), (370.2, 158.6), (410.2, 140.6), (450.2, 141.3), (490.2, 161.0), (530.2, 199.4), (535.0, 240.3), (535.0, 280.0), (535.0, 319.7), (535.0, 359.4), (535.0, 399.0)]",0,0,2.17
experienced,meatboy,7,Success,4,0,230.35,0.857,"[(105.0, 237.0), (130.2, 243.3), (170.2, 243.0), (210.2, 243.9), (250.2, 243.3), (290.2, 243.0), (330.2, 195.5), (370.2, 158.6), (410.2, 140.6), (450.2, 141.3), (490.2, 161.0), (530.2, 199.4), (473.0, 158.7), (416.3, 106.1), (405.9, 72.4), (437.8, 57.4), (477.8, 61.4), (517.8, 84.2), (557.8, 115.3), (597.8, 92.8), (637.8, 46.4), (677.8, 18.9), (717.8, 10.3), (757.8, 20.5), (797.8, 49.5), (837.8, 97.4), (877.8, 164.2), (917.8, 243.0), (957.8, 243.9)]",0,0,3.83
experienced,meatboy,7,Success,4,0,230.35,0.857,"[(105.0, 237.0), (130.2, 243.3), (170.2, 243.0), (210.2, 243.9), (250.2, 243.3), (290.2, 243.0), (330.2, 195.5), (370.2, 158.6), (410.2, 140.6), (450.2, 141.3), (490.2, 161.0), (530.2, 199.4), (473.0, 158.7), (416.3, 106.1), (405.9, 72.4), (437.8, 57.4), (477.8, 61.4), (517.8, 84.2), (557.8, 115.3), (597.8, 92.8), (637.8, 46.4), (677.8, 18.9), (717.8, 10.3), (757.8, 20.5), (797.8, 49.5), (837.8, 97.4), (877.8, 164.2), (917.8, 243.0), (957.8, 243.9)]",0,0,3.83
experienced,meatboy,7,Success,4,0,230.35,0.857,"[(105.0, 237.0), (130.2, 243.3), (170.2, 243.0), (210.2, 243.9), (250.2, 243.3), (290.2, 243.0), (330.2, 195.5), (370.2, 158.6), (410.2, 140.6), (450.2, 141.3), (490.2, 161.0), (530.2, 199.4), (473.0, 158.7), (416.3, 106.1), (405.9, 72.4), (437.8, 57.4), (477.8, 61.4), (517.8, 84.2), (557.8, 115.3), (597.8, 92.8), (637.8, 46.4), (677.8, 18.9), (717.8, 10.3), (757.8, 20.5), (797.8, 49.5), (837.8, 97.4), (877.8, 164.2), (917.8, 243.0), (957.8, 243.9)]",0,0,3.83
experienced,meatboy,7,Success,4,0,230.35,0.857,"[(105.0, 237.0), (130.2, 243.3), (170.2, 243.0), (210.2, 243.9), (250.2, 243.3), (290.2, 243.0), (330.2, 195.5), (370.2, 158.6), (410.2, 140.6), (450.2, 141.3), (490.2, 161.0), (530.2, 199.4), (473.0, 158.7), (416.3, 106.1), (405.9, 72.4), (437.8, 57.4), (477.8, 61.4), (517.8, 84.2), (557.8, 115.3), (597.8, 92.8), (637.8, 46.4), (677.8, 18.9), (717.8, 10.3), (757.8, 20.5), (797.8, 49.5), (837.8, 97.4), (877.8, 164.2), (917.8, 243.0), (957.8, 243.9)]",0,0,3.83
experienced,meatboy,7,Success,4,0,230.35,0.857,"[(105.0, 237.0), (130.2, 243.3), (170.2, 243.0), (210.2, 243.9), (250.2, 243.3), (290.2, 243.0), (330.2, 195.5), (370.2, 158.6), (410.2, 140.6), (450.2, 141.3), (490.2, 161.0), (530.2, 199.4), (473.0, 158.7), (416.3, 106.1), (405.9, 72.4), (437.8, 57.4), (477.8, 61.4), (517.8, 84.2), (557.8, 115.3), (597.8, 92.8), (637.8, 46.4), (677.8, 18.9), (717.8, 10.3), (757.8, 20.5), (797.8, 49.5), (837.8, 97.4), (877.8, 164.2), (917.8, 243.0), (957.8, 243.9)]",0,0,3.83
experienced,meatboy,7,Success,4,0,230.35,0.857,"[(105.0, 237.0), (130.2, 243.3), (170.2, 243.0), (210.2, 243.9), (250.2, 243.3), (290.2, 243.0), (330.2, 195.5), (370.2, 158.6), (410.2, 140.6), (450.2, 141.3), (490.2, 161.0), (530.2, 199.4), (473.0, 158.7), (416.3, 106.1), (405.9, 72.4), (437.8, 57.4), (477.8, 61.4), (517.8, 84.2), (557.8, 115.3), (597.8, 92.8), (637.8, 46.4), (677.8, 18.9), (717.8, 10.3), (757.8, 20.5), (797.8, 49.5), (837.8, 97.4), (877.8, 164.2), (917.8, 243.0), (957.8, 243.9)]",0,0,3.83
experienced,meatboy,7,Success,4,0,230.35,0.857,"[(105.0, 237.0), (130.2, 243.3), (170.2, 243.0), (210.2, 243.9), (250.2, 243.3), (290.2, 243.0), (330.2, 195.5), (370.2, 158.6), (410.2, 140.6), (450.2, 141.3), (490.2, 161.0), (530.2, 199.4), (473.0, 158.7), (416.3, 106.1), (405.9, 72.4), (437.8, 57.4), (477.8, 61.4), (517.8, 84.2), (557.8, 115.3), (597.8, 92.8), (637.8, 46.4), (677.8, 18.9), (717.8, 10.3), (757.8, 20.5), (797.8, 49.5), (837.8, 97.4), (877.8, 164.2), (917.8, 243.0), (957.8, 243.9)]",0,0,3.83
experienced,meatboy,7,Success,4,0,230.35,0.857,"[(105.0, 237.0), (130.2, 243.3), (170.2, 243.0), (210.2, 243.9), (250.2, 243.3), (290.2, 243.0), (330.2, 195.5), (370.2, 158.6), (410.2, 140.6), (450.2, 141.3), (490.2, 161.0), (530.2, 199.4), (473.0, 158.7), (416.3, 106.1), (405.9, 72.4), (437.8, 57.4), (477.8, 61.4), (517.8, 84.2), (557.8, 115.3), (597.8, 92.8), (637.8, 46.4), (677.8, 18.9), (717.8, 10.3), (757.8, 20.5), (797.8, 49.5), (837.8, 97.4), (877.8, 164.2), (917.8, 243.0), (957.8, 243.9)]",0,0,3.83
experienced,meatboy,7,Saw,2,0,205.21,0.464,"[(105.0, 237.0), (130.2, 243.3), (170.2, 243.0), (210.2, 243.9), (250.2, 243.3), (290.2, 243.0), (330.2, 195.5), (370.2, 158.6), (410.2, 140.6), (450.2, 141.3), (490.2, 161.0), (530.2, 199.4), (535.0, 240.3), (535.0, 280.0), (535.0, 319.7), (535.0, 359.4), (535.0, 399.0)]",0,0,2.17
experienced,meatboy,7,Success,4,0,230.35,0.857,"[(105.0, 237.0), (130.2, 243.3), (170.2, 243.0), (210.2, 243.9), (250.2, 243.3), (290.2, 243.0), (330.2, 195.5), (370.2, 158.6), (410.2, 140.6), (450.2, 141.3), (490.2, 161.0), (530.2, 199.4), (473.0, 158.7), (416.3, 106.1), (405.9, 72.4), (437.8, 57.4), (477.8, 61.4), (517.8, 84.2), (557.8, 115.3), (597.8, 92.8), (637.8, 46.4), (677.8, 18.9), (717.8, 10.3), (757.8, 20.5), (797.8, 49.5), (837.8, 97.4), (877.8, 164.2), (917.8, 243.0), (957.8, 243.9)]",0,0,3.83
experienced,meatboy,7,Success,4,0,230.35,0.857,"[(105.0, 237.0), (130.2, 243.3), (170.2, 243.0), (210.2, 243.9), (250.2, 243.3), (290.2, 243.0), (330.2, 195.5), (370.2, 158.6), (410.2, 140.6), (450.2, 141.3), (490.2, 161.0), (530.2, 199.4), (473.0, 158.7), (416.3, 106.1), (405.9, 72.4), (437.8, 57.4), (477.8, 61.4), (517.8, 84.2), (557.8, 115.3), (597.8, 92.8), (637.8, 46.4), (677.8, 18.9), (717.8, 10.3), (757.8, 20.5), (797.8, 49.5), (837.8, 97.4), (877.8, 164.2), (917.8, 243.0), (957.8, 243.9)]",0,0,3.83
experienced,meatboy,7,Success,4,0,230.35,0.857,"[(105.0, 237.0), (130.2, 243.3), (170.2, 243.0), (210.2, 243.9), (250.2, 243.3), (290.2, 243.0), (330.2, 195.5), (370.2, 158.6), (410.2, 140.6), (450.2, 141.3), (490.2, 161.0), (530.2, 199.4), (473.0, 158.7), (416.3, 106.1), (405.9, 72.4), (437.8, 57.4), (477.8, 61.4), (517.8, 84.2), (557.8, 115.3), (597.8, 92.8), (637.8, 46.4), (677.8, 18.9), (717.8, 10.3), (757.8, 20.5), (797.8, 49.5), (837.8, 97.4), (877.8, 164.2), (917.8, 243.0), (957.8, 243.9)]",0,0,3.83
experienced,meatboy,7,Success,4,0,230.35,0.857,"[(105.0, 237.0), (130.2, 243.3), (170.2, 243.0), (210.2, 243.9), (250.2, 243.3), (290.2, 243.0), (330.2, 195.5), (370.2, 158.6), (410.2, 140.6), (450.2, 141.3), (490.2, 161.0), (530.2, 199.4), (473.0, 158.7), (416.3, 106.1), (405.9, 72.4), (437.8, 57.4), (477.8, 61.4), (517.8, 84.2), (557.8, 115.3), (597.8, 92.8), (637.8, 46.4), (677.8, 18.9), (717.8, 10.3), (757.8, 20.5), (797.8, 49.5), (837.8, 97.4), (877.8, 164.2), (917.8, 243.0), (957.8, 243.9)]",0,0,3.83
experienced,meatboy,7,Success,4,0,230.35,0.857,"[(105.0, 237.0), (130.2, 243.3), (170.2, 243.0), (210.2, 243.9), (250.2, 243.3), (290.2, 243.0), (330.2, 195.5), (370.2, 158.6), (410.2, 140.6), (450.2, 141.3), (490.2, 161.0), (530.2, 199.4), (473.0, 158.7), (416.3, 106.1), (405.9, 72.4), (437.8, 57.4), (477.8, 61.4), (517.8, 84.2), (557.8, 115.3), (597.8, 92.8), (637.8, 46.4), (677.8, 18.9), (717.8, 10.3), (757.8, 20.5), (797.8, 49.5), (837.8, 97.4), (877.8, 164.2), (917.8, 243.0), (957.8, 243.9)]",0,0,3.83
experienced,meatboy,7,Success,4,0,230.35,0.857,"[(105.0, 237.0), (130.2, 243.3), (170.2, 243.0), (210.2, 243.9), (250.2, 243.3), (290.2, 243.0), (330.2, 195.5), (370.2, 158.6), (410.2, 140.6), (450.2, 141.3), (490.2, 161.0), (530.2, 199.4), (473.0, 158.7), (416.3, 106.1), (405.9, 72.4), (437.8, 57.4), (477.8, 61.4), (517.8, 84.2), (557.8, 115.3), (597.8, 92.8), (637.8, 46.4), (677.8, 18.9), (717.8, 10.3), (757.8, 20.5), (797.8, 49.5), (837.8, 97.4), (877.8, 164.2), (917.8, 243.0), (957.8, 243.9)]",0,0,3.83
experienced,meatboy,7,Success,4,0,230.35,0.857,"[(105.0, 237.0), (130.2, 243.3), (170.2, 243.0), (210.2, 243.9), (250.2, 243.3), (290.2, 243.0), (330.2, 195.5), (370.2, 158.6), (410.2, 140.6), (450.2, 141.3), (490.2, 161.0), (530.2, 199.4), (473.0, 158.7), (416.3, 106.1), (405.9, 72.4), (437.8, 57.4), (477.8, 61.4), (517.8, 84.2), (557.8, 115.3), (597.8, 92.8), (637.8, 46.4), (677.8, 18.9), (717.8, 10.3), (757.8, 20.5), (797.8, 49.5), (837.8, 97.4), (877.8, 164.2), (917.8, 243.0), (957.8, 243.9)]",0,0,3.83
experienced,meatboy,7,Success,4,0,230.35,0.857,"[(105.0, 237.0), (130.2, 243.3), (170.2, 243.0), (210.2, 243.9), (250.2, 243.3), (290.2, 243.0), (330.2, 195.5), (370.2, 158.6), (410.2, 140.6), (450.2, 141.3), (490.2, 161.0), (530.2, 199.4), (473.0, 158.7), (416.3, 106.1), (405.9, 72.4), (437.8, 57.4), (477.8, 61.4), (517.8, 84.2), (557.8, 115.3), (597.8, 92.8), (637.8, 46.4), (677.8, 18.9), (717.8, 10.3), (757.8, 20.5), (797.8, 49.5), (837.8, 97.4), (877.8, 164.2), (917.8, 243.0), (957.8, 243.9)]",0,0,3.83
experienced,meatboy,7,Success,4,0,230.35,0.857,"[(105.0, 237.0), (130.2, 243.3), (170.2, 243.0), (210.2, 243.9), (250.2, 243.3), (290.2, 243.0), (330.2, 195.5), (370.2, 158.6), (410.2, 140.6), (450.2, 141.3), (490.2, 161.0), (530.2, 199.4), (473.0, 158.7), (416.3, 106.1), (405.9, 72.4), (437.8, 57.4), (477.8, 61.4), (517.8, 84.2), (557.8, 115.3), (597.8, 92.8), (637.8, 46.4), (677.8, 18.9), (717.8, 10.3), (757.8, 20.5), (797.8, 49.5), (837.8, 97.4), (877.8, 164.2), (917.8, 243.0), (957.8, 243.9)]",0,0,3.83
experienced,meatboy,7,Success,4,0,230.35,0.857,"[(105.0, 237.0), (130.2, 243.3), (170.2, 243.0), (210.2, 243.9), (250.2, 243.3), (290.2, 243.0), (330.2, 195.5), (370.2, 158.6), (410.2, 140.6), (450.2, 141.3), (490.2, 161.0), (530.2, 199.4), (473.0, 158.7), (416.3, 106.1), (405.9, 72.4), (437.8, 57.4), (477.8, 61.4), (517.8, 84.2), (557.8, 115.3), (597.8, 92.8), (637.8, 46.4), (677.8, 18.9), (717.8, 10.3), (757.8, 20.5), (797.8, 49.5), (837.8, 97.4), (877.8, 164.2), (917.8, 243.0), (957.8, 243.9)]",0,0,3.83
experienced,meatboy,7,Success,4,0,230.35,0.857,"[(105.0, 237.0), (130.2, 243.3), (170.2, 243.0), (210.2, 243.9), (250.2, 243.3), (290.2, 243.0), (330.2, 195.5), (370.2, 158.6), (410.2, 140.6), (450.2, 141.3), (490.2, 161.0), (530.2, 199.4), (473.0, 158.7), (416.3, 106.1), (405.9, 72.4), (437.8, 57.4), (477.8, 61.4), (517.8, 84.2), (557.8, 115.3), (597.8, 92.8), (637.8, 46.4), (677.8, 18.9), (717.8, 10.3), (757.8, 20.5), (797.8, 49.5), (837.8, 97.4), (877.8, 164.2), (917.8, 243.0), (957.8, 243.9)]",0,0,3.83
experienced,meatboy,7,Saw,2,0,211.03,0.464,"[(105.0, 237.0), (130.2, 243.3), (170.2, 243.0), (210.2, 243.9), (250.2, 243.3), (290.2, 228.2), (330.2, 179.5), (370.2, 149.6), (410.2, 138.6), (450.2, 146.5), (490.2, 173.2), (530.2, 218.7), (535.0, 260.5), (535.0, 300.1), (535.0, 339.8), (535.0, 379.5)]",0,0,2.1
experienced,meatboy,7,Success,4,0,230.35,0.857,"[(105.0, 237.0), (130.2, 243.3), (170.2, 243.0), (210.2, 243.9), (250.2, 243.3), (290.2, 243.0), (330.2, 195.5), (370.2, 158.6), (410.2, 140.6), (450.2, 141.3), (490.2, 161.0), (530.2, 199.4), (473.0, 158.7), (416.3, 106.1), (405.9, 72.4), (437.8, 57.4), (477.8, 61.4), (517.8, 84.2), (557.8, 115.3), (597.8, 92.8), (637.8, 46.4), (677.8, 18.9), (717.8, 10.3), (757.8, 20.5), (797.8, 49.5), (837.8, 97.4), (877.8, 164.2), (917.8, 243.0), (957.8, 243.9)]",0,0,3.83
experienced,meatboy,7,Success,4,0,230.35,0.857,"[(105.0, 237.0), (130.2, 243.3), (170.2, 243.0), (210.2, 243.9), (250.2, 243.3), (290.2, 243.0), (330.2, 195.5), (370.2, 158.6), (410.2, 140.6), (450.2, 141.3), (490.2, 161.0), (530.2, 199.4), (473.0, 158.7), (416.3, 106.1), (405.9, 72.4), (437.8, 57.4), (477.8, 61.4), (517.8, 84.2), (557.8, 115.3), (597.8, 92.8), (637.8, 46.4), (677.8, 18.9), (717.8, 10.3), (757.8, 20.5), (797.8, 49.5), (837.8, 97.4), (877.8, 164.2), (917.8, 243.0), (957.8, 243.9)]",0,0,3.83
experienced,meatboy,7,Success,4,0,230.35,0.857,"[(105.0, 237.0), (130.2, 243.3), (170.2, 243.0), (210.2, 243.9), (250.2, 243.3), (290.2, 243.0), (330.2, 195.5), (370.2, 158.6), (410.2, 140.6), (450.2, 141.3), (490.2, 161.0), (530.2, 199.4), (473.0, 158.7), (416.3, 106.1), (405.9, 72.4), (437.8, 57.4), (477.8, 61.4), (517.8, 84.2), (557.8, 115.3), (597.8, 92.8), (637.8, 46.4), (677.8, 18.9), (717.8, 10.3), (757.8, 20.5), (797.8, 49.5), (837.8, 97.4), (877.8, 164.2), (917.8, 243.0), (957.8, 243.9)]",0,0,3.83
experienced,meatboy,7,Success,4,0,230.35,0.857,"[(105.0, 237.0), (130.2, 243.3), (170.2, 243.0), (210.2, 243.9), (250.2, 243.3), (290.2, 243.0), (330.2, 195.5), (370.2, 158.6), (410.2, 140.6), (450.2, 141.3), (490.2, 161.0), (530.2, 199.4), (473.0, 158.7), (416.3, 106.1), (405.9, 72.4), (437.8, 57.4), (477.8, 61.4), (517.8, 84.2), (557.8, 115.3), (597.8, 92.8), (637.8, 46.4), (677.8, 18.9), (717.8, 10.3), (757.8, 20.5), (797.8, 49.5), (837.8, 97.4), (877.8, 164.2), (917.8, 243.0), (957.8, 243.9)]",0,0,3.83
experienced,meatboy,7,Saw,2,0,205.21,0.464,"[(105.0, 237.0), (130.2, 243.3), (170.2, 243.0), (210.2, 243.9), (250.2, 243.3), (290.2, 243.0), (330.2, 195.5), (370.2, 158.6), (410.2, 140.6), (450.2, 141.3), (490.2, 161.0), (530.2, 199.4), (535.0, 240.3), (535.0, 280.0), (535.0, 319.7), (535.0, 359.4), (535.0, 399.0)]",0,0,2.17
experienced,meatboy,7,Success,4,0,230.35,0.857,"[(105.0, 237.0), (130.2, 243.3), (170.2, 243.0), (210.2, 243.9), (250.2, 243.3), (290.2, 243.0), (330.2, 195.5), (370.2, 158.6), (410.2, 140.6), (450.2, 141.3), (490.2, 161.0), (530.2, 199.4), (473.0, 158.7), (416.3, 106.1), (405.9, 72.4), (437.8, 57.4), (477.8, 61.4), (517.8, 84.2), (557.8, 115.3), (597.8, 92.8), (637.8, 46.4), (677.8, 18.9), (717.8, 10.3), (757.8, 20.5), (797.8, 49.5), (837.8, 97.4), (877.8, 164.2), (917.8, 243.0), (957.8, 243.9)]",0,0,3.83
experienced,meatboy,7,Saw,2,0,205.21,0.464,"[(105.0, 237.0), (130.2, 243.3), (170.2, 243.0), (210.2, 243.9), (250.2, 243.3), (290.2, 243.0), (330.2, 195.5), (370.2, 158.6), (410.2, 140.6), (450.2, 141.3), (490.2, 161.0), (530.2, 199.4), (535.0, 240.3), (535.0, 280.0), (535.0, 319.7), (535.0, 359.4), (535.0, 399.0)]",0,0,2.17
experienced,meatboy,7,Success,4,0,230.35,0.857,"[(105.0, 237.0), (130.2, 243.3), (170.2, 243.0), (210.2, 243.9), (250.2, 243.3), (290.2, 243.0), (330.2, 195.5), (370.2, 158.6), (410.2, 140.6), (450.2, 141.3), (490.2, 161.0), (530.2, 199.4), (473.0, 158.7), (416.3, 106.1), (405.9, 72.4), (437.8, 57.4), (477.8, 61.4), (517.8, 84.2), (557.8, 115.3), (597.8, 92.8), (637.8, 46.4), (677.8, 18.9), (717.8, 10.3), (757.8, 20.5), (797.8, 49.5), (837.8, 97.4), (877.8, 164.2), (917.8, 243.0), (957.8, 243.9)]",0,0,3.83
experienced,meatboy,7,Success,4,0,230.35,0.857,"[(105.0, 237.0), (130.2, 243.3), (170.2, 243.0), (210.2, 243.9), (250.2, 243.3), (290.2, 243.0), (330.2, 195.5), (370.2, 158.6), (410.2, 140.6), (450.2, 141.3), (490.2, 161.0), (530.2, 199.4), (473.0, 158.7), (416.3, 106.1), (405.9, 72.4), (437.8, 57.4), (477.8, 61.4), (517.8, 84.2), (557.8, 115.3), (597.8, 92.8), (637.8, 46.4), (677.8, 18.9), (717.8, 10.3), (757.8, 20.5), (797.8, 49.5), (837.8, 97.4), (877.8, 164.2), (917.8, 243.0), (957.8, 243.9)]",0,0,3.83
experienced,meatboy,7,Success,4,0,230.35,0.857,"[(105.0, 237.0), (130.2, 243.3), (170.2, 243.0), (210.2, 243.9), (250.2, 243.3), (290.2, 243.0), (330.2, 195.5), (370.2, 158.6), (410.2, 140.6), (450.2, 141.3), (490.2, 161.0), (530.2, 199.4), (473.0, 158.7), (416.3, 106.1), (405.9, 72.4), (437.8, 57.4), (477.8, 61.4), (517.8, 84.2), (557.8, 115.3), (597.8, 92.8), (637.8, 46.4), (677.8, 18.9), (717.8, 10.3), (757.8, 20.5), (797.8, 49.5), (837.8, 97.4), (877.8, 164.2), (917.8, 243.0), (957.8, 243.9)]",0,0,3.83
experienced,meatboy,7,Success,4,0,230.35,0.857,"[(105.0, 237.0), (130.2, 243.3), (170.2, 243.0), (210.2, 243.9), (250.2, 243.3), (290.2, 243.0), (330.2, 195.5), (370.2, 158.6), (410.2, 140.6), (450.2, 141.3), (490.2, 161.0), (530.2, 199.4), (473.0, 158.7), (416.3, 106.1), (405.9, 72.4), (437.8, 57.4), (477.8, 61.4), (517.8, 84.2), (557.8, 115.3), (597.8, 92.8), (637.8, 46.4), (677.8, 18.9), (717.8, 10.3), (757.8, 20.5), (797.8, 49.5), (837.8, 97.4), (877.8, 164.2), (917.8, 243.0), (957.8, 243.9)]",0,0,3.83
experienced,meatboy,7,Success,4,0,230.35,0.857,"[(105.0, 237.0), (130.2, 243.3), (170.2, 243.0), (210.2, 243.9), (250.2, 243.3), (290.2, 243.0), (330.2, 195.5), (370.2, 158.6), (410.2, 140.6), (450.2, 141.3), (490.2, 161.0), (530.2, 199.4), (473.0, 158.7), (416.3, 106.1), (405.9, 72.4), (437.8, 57.4), (477.8, 61.4), (517.8, 84.2), (557.8, 115.3), (597.8, 92.8), (637.8, 46.4), (677.8, 18.9), (717.8, 10.3), (757.8, 20.5), (797.8, 49.5), (837.8, 97.4), (877.8, 164.2), (917.8, 243.0), (957.8, 243.9)]",0,0,3.83
experienced,meatboy,7,Success,4,0,230.35,0.857,"[(105.0, 237.0), (130.2, 243.3), (170.2, 243.0), (210.2, 243.9), (250.2, 243.3), (290.2, 243.0), (330.2, 195.5), (370.2, 158.6), (410.2, 140.6), (450.2, 141.3), (490.2, 161.0), (530.2, 199.4), (473.0, 158.7), (416.3, 106.1), (405.9, 72.4), (437.8, 57.4), (477.8, 61.4), (517.8, 84.2), (557.8, 115.3), (597.8, 92.8), (637.8, 46.4), (677.8, 18.9), (717.8, 10.3), (757.8, 20.5), (797.8, 49.5), (837.8, 97.4), (877.8, 164.2), (917.8, 243.0), (957.8, 243.9)]",0,0,3.83
experienced,meatboy,7,Success,4,0,230.35,0.857,"[(105.0, 237.0), (130.2, 243.3), (170.2, 243.0), (210.2, 243.9), (250.2, 243.3), (290.2, 243.0), (330.2, 195.5), (370.2, 158.6), (410.2, 140.6), (450.2, 141.3), (490.2, 161.0), (530.2, 199.4), (473.0, 158.7), (416.3, 106.1), (405.9, 72.4), (437.8, 57.4), (477.8, 61.4), (517.8, 84.2), (557.8, 115.3), (597.8, 92.8), (637.8, 46.4), (677.8, 18.9), (717.8, 10.3), (757.8, 20.5), (797.8, 49.5), (837.8, 97.4), (877.8, 164.2), (917.8, 243.0), (957.8, 243.9)]",0,0,3.83
experienced,meatboy,7,Saw,2,0,205.21,0.464,"[(105.0, 237.0), (130.2, 243.3), (170.2, 243.0), (210.2, 243.9), (250.2, 243.3), (290.2, 243.0), (330.2, 195.5), (370.2, 158.6), (410.2, 140.6), (450.2, 141.3), (490.2, 161.0), (530.2, 199.4), (535.0, 240.3), (535.0, 280.0), (535.0, 319.7), (535.0, 359.4), (535.0, 399.0)]",0,0,2.17
experienced,meatboy,7,Saw,2,0,205.21,0.464,"[(105.0, 237.0), (130.2, 243.3), (170.2, 243.0), (210.2, 243.9), (250.2, 243.3), (290.2, 243.0), (330.2, 195.5), (370.2, 158.6), (410.2, 140.6), (450.2, 141.3), (490.2, 161.0), (530.2, 199.4), (535.0, 240.3), (535.0, 280.0), (535.0, 319.7), (535.0, 359.4), (535.0, 399.0)]",0,0,2.17
experienced,meatboy,7,Success,4,0,230.35,0.857,"[(105.0, 237.0), (130.2, 243.3), (170.2, 243.0), (210.2, 243.9), (250.2, 243.3), (290.2, 243.0), (330.2, 195.5), (370.2, 158.6), (410.2, 140.6), (450.2, 141.3), (490.2, 161.0), (530.2, 199.4), (473.0, 158.7), (416.3, 106.1), (405.9, 72.4), (437.8, 57.4), (477.8, 61.4), (517.8, 84.2), (557.8, 115.3), (597.8, 92.8), (637.8, 46.4), (677.8, 18.9), (717.8, 10.3), (757.8, 20.5), (797.8, 49.5), (837.8, 97.4), (877.8, 164.2), (917.8, 243.0), (957.8, 243.9)]",0,0,3.83
experienced,meatboy,7,Saw,2,0,208.07,0.464,"[(105.0, 237.0), (130.2, 243.3), (170.2, 243.0), (210.2, 243.9), (250.2, 243.3), (290.2, 236.2), (330.2, 185.1), (370.2, 152.9), (410.2, 139.6), (450.2, 145.1), (490.2, 169.4), (530.2, 212.6), (535.0, 254.0), (535.0, 293.7), (535.0, 333.4), (535.0, 373.1), (535.0, 412.8)]",0,0,2.13
experienced,meatboy,7,Saw,2,0,205.21,0.464,"[(105.0, 237.0), (130.2, 243.3), (170.2, 243.0), (210.2, 243.9), (250.2, 243.3), (290.2, 243.0), (330.2, 195.5), (370.2, 158.6), (410.2, 140.6), (450.2, 141.3), (490.2, 161.0), (530.2, 199.4), (535.0, 240.3), (535.0, 280.0), (535.0, 319.7), (535.0, 359.4), (535.0, 399.0)]",0,0,2.17
experienced,meatboy,7,Success,4,0,230.35,0.857,"[(105.0, 237.0), (130.2, 243.3), (170.2, 243.0), (210.2, 243.9), (250.2, 243.3), (290.2, 243.0), (330.2, 195.5), (370.2, 158.6), (410.2, 140.6), (450.2, 141.3), (490.2, 161.0), (530.2, 199.4), (473.0, 158.7), (416.3, 106.1), (405.9, 72.4), (437.8, 57.4), (477.8, 61.4), (517.8, 84.2), (557.8, 115.3), (597.8, 92.8), (637.8, 46.4), (677.8, 18.9), (717.8, 10.3), (757.8, 20.5), (797.8, 49.5), (837.8, 97.4), (877.8, 164.2), (917.8, 243.0), (957.8, 243.9)]",0,0,3.83
experienced,meatboy,7,Success,4,0,230.35,0.857,"[(105.0, 237.0), (130.2, 243.3), (170.2, 243.0), (210.2, 243.9), (250.2, 243.3), (290.2, 243.0), (330.2, 195.5), (370.2, 158.6), (410.2, 140.6), (450.2, 141.3), (490.2, 161.0), (530.2, 199.4), (473.0, 158.7), (416.3, 106.1), (405.9, 72.4), (437.8, 57.4), (477.8, 61.4), (517.8, 84.2), (557.8, 115.3), (597.8, 92.8), (637.8, 46.4), (677.8, 18.9), (717.8, 10.3), (757.8, 20.5), (797.8, 49.5), (837.8, 97.4), (877.8, 164.2), (917.8, 243.0), (957.8, 243.9)]",0,0,3.83
experienced,meatboy,7,Success,4,0,230.35,0.857,"[(105.0, 237.0), (130.2, 243.3), (170.2, 243.0), (210.2, 243.9), (250.2, 243.3), (290.2, 243.0), (330.2, 195.5), (370.2, 158.6), (410.2, 140.6), (450.2, 141.3), (490.2, 161.0), (530.2, 199.4), (473.0, 158.7), (416.3, 106.1), (405.9, 72.4), (437.8, 57.4), (477.8, 61.4), (517.8, 84.2), (557.8, 115.3), (597.8, 92.8), (637.8, 46.4), (677.8, 18.9), (717.8, 10.3), (757.8, 20.5), (797.8, 49.5), (837.8, 97.4), (877.8, 164.2), (917.8, 243.0), (957.8, 243.9)]",0,0,3.83
experienced,meatboy,7,Success,4,0,230.35,0.857,"[(105.0, 237.0), (130.2, 243.3), (170.2, 243.0), (210.2, 243.9), (250.2, 243.3), (290.2, 243.0), (330.2, 195.5), (370.2, 158.6), (410.2, 140.6), (450.2, 141.3), (490.2, 161.0), (530.2, 199.4), (473.0, 158.7), (416.3, 106.1), (405.9, 72.4), (437.8, 57.4), (477.8, 61.4), (517.8, 84.2), (557.8, 115.3), (597.8, 92.8), (637.8, 46.4), (677.8, 18.9), (717.8, 10.3), (757.8, 20.5), (797.8, 49.5), (837.8, 97.4), (877.8, 164.2), (917.8, 243.0), (957.8, 243.9)]",0,0,3.83
experienced,meatboy,7,Success,4,0,230.35,0.857,"[(105.0, 237.0), (130.2, 243.3), (170.2, 243.0), (210.2, 243.9), (250.2, 243.3), (290.2, 243.0), (330.2, 195.5), (370.2, 158.6), (410.2, 140.6), (450.2, 141.3), (490.2, 161.0), (530.2, 199.4), (473.0, 158.7), (416.3, 106.1), (405.9, 72.4), (437.8, 57.4), (477.8, 61.4), (517.8, 84.2), (557.8, 115.3), (597.8, 92.8), (637.8, 46.4), (677.8, 18.9), (717.8, 10.3), (757.8, 20.5), (797.8, 49.5), (837.8, 97.4), (877.8, 164.2), (917.8, 243.0), (957.8, 243.9)]",0,0,3.83
experienced,meatboy,7,Success,4,0,230.35,0.857,"[(105.0, 237.0), (130.2, 243.3), (170.2, 243.0), (210.2, 243.9), (250.2, 243.3), (290.2, 243.0), (330.2, 195.5), (370.2, 158.6), (410.2, 140.6), (450.2, 141.3), (490.2, 161.0), (530.2, 199.4), (473.0, 158.7), (416.3, 106.1), (405.9, 72.4), (437.8, 57.4), (477.8, 61.4), (517.8, 84.2), (557.8, 115.3), (597.8, 92.8), (637.8, 46.4), (677.8, 18.9), (717.8, 10.3), (757.8, 20.5), (797.8, 49.5), (837.8, 97.4), (877.8, 164.2), (917.8, 243.0), (957.8, 243.9)]",0,0,3.83
experienced,meatboy,7,Saw,2,0,205.21,0.464,"[(105.0, 237.0), (130.2, 243.3), (170.2, 243.0), (210.2, 243.9), (250.2, 243.3), (290.2, 243.0), (330.2, 195.5), (370.2, 158.6), (410.2, 140.6), (450.2, 141.3), (490.2, 161.0), (530.2, 199.4), (535.0, 240.3), (535.0, 280.0), (535.0, 319.7), (535.0, 359.4), (535.0, 399.0)]",0,0,2.17
experienced,meatboy,7,Success,4,0,230.35,0.857,"[(105.0, 237.0), (130.2, 243.3), (170.2, 243.0), (210.2, 243.9), (250.2, 243.3), (290.2, 243.0), (330.2, 195.5), (370.2, 158.6), (410.2, 140.6), (450.2, 141.3), (490.2, 161.0), (530.2, 199.4), (473.0, 158.7), (416.3, 106.1), (405.9, 72.4), (437.8, 57.4), (477.8, 61.4), (517.8, 84.2), (557.8, 115.3), (597.8, 92.8), (637.8, 46.4), (677.8, 18.9), (717.8, 10.3), (757.8, 20.5), (797.8, 49.5), (837.8, 97.4), (877.8, 164.2), (917.8, 243.0), (957.8, 243.9)]",0,0,3.83
experienced,meatboy,7,Saw,2,0,208.07,0.464,"[(105.0, 237.0), (130.2, 243.3), (170.2, 243.0), (210.2, 243.9), (250.2, 243.3), (290.2, 236.2), (330.2, 185.1), (370.2, 152.9), (410.2, 139.6), (450.2, 145.1), (490.2, 169.4), (530.2, 212.6), (535.0, 254.0), (535.0, 293.7), (535.0, 333.4), (535.0, 373.1), (535.0, 412.8)]",0,0,2.13
experienced,meatboy,7,Saw,2,0,205.21,0.464,"[(105.0, 237.0), (130.2, 243.3), (170.2, 243.0), (210.2, 243.9), (250.2, 243.3), (290.2, 243.0), (330.2, 195.5), (370.2, 158.6), (410.2, 140.6), (450.2, 141.3), (490.2, 161.0), (530.2, 199.4), (535.0, 240.3), (535.0, 280.0), (535.0, 319.7), (535.0, 359.4), (535.0, 399.0)]",0,0,2.17
experienced,meatboy,7,Success,4,0,230.35,0.857,"[(105.0, 237.0), (130.2, 243.3), (170.2, 243.0), (210.2, 243.9), (250.2, 243.3), (290.2, 243.0), (330.2, 195.5), (370.2, 158.6), (410.2, 140.6), (450.2, 141.3), (490.2, 161.0), (530.2, 199.4), (473.0, 158.7), (416.3, 106.1), (405.9, 72.4), (437.8, 57.4), (477.8, 61.4), (517.8, 84.2), (557.8, 115.3), (597.8, 92.8), (637.8, 46.4), (677.8, 18.9), (717.8, 10.3), (757.8, 20.5), (797.8, 49.5), (837.8, 97.4), (877.8, 164.2), (917.8, 243.0), (957.8, 243.9)]",0,0,3.83
experienced,meatboy,7,Success,4,0,230.35,0.857,"[(105.0, 237.0), (130.2, 243.3), (170.2, 243.0), (210.2, 243.9), (250.2, 243.3), (290.2, 243.0), (330.2, 195.5), (370.2, 158.6), (410.2, 140.6), (450.2, 141.3), (490.2, 161.0), (530.2, 199.4), (473.0, 158.7), (416.3, 106.1), (405.9, 72.4), (437.8, 57.4), (477.8, 61.4), (517.8, 84.2), (557.8, 115.3), (597.8, 92.8), (637.8, 46.4), (677.8, 18.9), (717.8, 10.3), (757.8, 20.5), (797.8, 49.5), (837.8, 97.4), (877.8, 164.2), (917.8, 243.0), (957.8, 243.9)]",0,0,3.83
experienced,meatboy,7,Success,4,0,230.35,0.857,"[(105.0, 237.0), (130.2, 243.3), (170.2, 243.0), (210.2, 243.9), (250.2, 243.3), (290.2, 243.0), (330.2, 195.5), (370.2, 158.6), (410.2, 140.6), (450.2, 141.3), (490.2, 161.0), (530.2, 199.4), (473.0, 158.7), (416.3, 106.1), (405.9, 72.4), (437.8, 57.4), (477.8, 61.4), (517.8, 84.2), (557.8, 115.3), (597.8, 92.8), (637.8, 46.4), (677.8, 18.9), (717.8, 10.3), (757.8, 20.5), (797.8, 49.5), (837.8, 97.4), (877.8, 164.2), (917.8, 243.0), (957.8, 243.9)]",0,0,3.83
experienced,meatboy,7,Success,4,0,230.35,0.857,"[(105.0, 237.0), (130.2, 243.3), (170.2, 243.0), (210.2, 243.9), (250.2, 243.3), (290.2, 243.0), (330.2, 195.5), (370.2, 158.6), (410.2, 140.6), (450.2, 141.3), (490.2, 161.0), (530.2, 199.4), (473.0, 158.7), (416.3, 106.1), (405.9, 72.4), (437.8, 57.4), (477.8, 61.4), (517.8, 84.2), (557.8, 115.3), (597.8, 92.8), (637.8, 46.4), (677.8, 18.9), (717.8, 10.3), (757.8, 20.5), (797.8, 49.5), (837.8, 97.4), (877.8, 164.2), (917.8, 243.0), (957.8, 243.9)]",0,0,3.83
experienced,meatboy,7,Success,4,0,230.35,0.857,"[(105.0, 237.0), (130.2, 243.3), (170.2, 243.0), (210.2, 243.9), (250.2, 243.3), (290.2, 243.0), (330.2, 195.5), (370.2, 158.6), (410.2, 140.6), (450.2, 141.3), (490.2, 161.0), (530.2, 199.4), (473.0, 158.7), (416.3, 106.1), (405.9, 72.4), (437.8, 57.4), (477.8, 61.4), (517.8, 84.2), (557.8, 115.3), (597.8, 92.8), (637.8, 46.4), (677.8, 18.9), (717.8, 10.3), (757.8, 20.5), (797.8, 49.5), (837.8, 97.4), (877.8, 164.2), (917.8, 243.0), (957.8, 243.9)]",0,0,3.83
experienced,meatboy,7,Success,4,0,230.35,0.857,"[(105.0, 237.0), (130.2, 243.3), (170.2, 243.0), (210.2, 243.9), (250.2, 243.3), (290.2, 243.0), (330.2, 195.5), (370.2, 158.6), (410.2, 140.6), (450.2, 141.3), (490.2, 161.0), (530.2, 199.4), (473.0, 158.7), (416.3, 106.1), (405.9, 72.4), (437.8, 57.4), (477.8, 61.4), (517.8, 84.2), (557.8, 115.3), (597.8, 92.8), (637.8, 46.4), (677.8, 18.9), (717.8, 10.3), (757.8, 20.5), (797.8, 49.5), (837.8, 97.4), (877.8, 164.2), (917.8, 243.0), (957.8, 243.9)]",0,0,3.83
experienced,meatboy,7,Saw,2,0,205.21,0.464,"[(105.0, 237.0), (130.2, 243.3), (170.2, 243.0), (210.2, 243.9), (250.2, 243.3), (290.2, 243.0), (330.2, 195.5), (370.2, 158.6), (410.2, 140.6), (450.2, 141.3), (490.2, 161.0), (530.2, 199.4), (535.0, 240.3), (535.0, 280.0), (535.0, 319.7), (535.0, 359.4), (535.0, 399.0)]",0,0,2.17
experienced,meatboy,7,Saw,2,0,205.21,0.464,"[(105.0, 237.0), (130.2, 243.3), (170.2, 243.0), (210.2, 243.9), (250.2, 243.3), (290.2, 243.0), (330.2, 195.5), (370.2, 158.6), (410.2, 140.6), (450.2, 141.3), (490.2, 161.0), (530.2, 199.4), (535.0, 240.3), (535.0, 280.0), (535.0, 319.7), (535.0, 359.4), (535.0, 399.0)]",0,0,2.17
experienced,meatboy,7,Success,4,0,230.35,0.857,"[(105.0, 237.0), (130.2, 243.3), (170.2, 243.0), (210.2, 243.9), (250.2, 243.3), (290.2, 243.0), (330.2, 195.5), (370.2, 158.6), (410.2, 140.6), (450.2, 141.3), (490.2, 161.0), (530.2, 199.4), (473.0, 158.7), (416.3, 106.1), (405.9, 72.4), (437.8, 57.4), (477.8, 61.4), (517.8, 84.2), (557.8, 115.3), (597.8, 92.8), (637.8, 46.4), (677.8, 18.9), (717.8, 10.3), (757.8, 20.5), (797.8, 49.5), (837.8, 97.4), (877.8, 164.2), (917.8, 243.0), (957.8, 243.9)]",0,0,3.83
experienced,meatboy,7,Success,4,0,230.35,0.857,"[(105.0, 237.0), (130.2, 243.3), (170.2, 243.0), (210.2, 243.9), (250.2, 243.3), (290.2, 243.0), (330.2, 195.5), (370.2, 158.6), (410.2, 140.6), (450.2, 141.3), (490.2, 161.0), (530.2, 199.4), (473.0, 158.7), (416.3, 106.1), (405.9, 72.4), (437.8, 57.4), (477.8, 61.4), (517.8, 84.2), (557.8, 115.3), (597.8, 92.8), (637.8, 46.4), (677.8, 18.9), (717.8, 10.3), (757.8, 20.5), (797.8, 49.5), (837.8, 97.4), (877.8, 164.2), (917.8, 243.0), (957.8, 243.9)]",0,0,3.83
experienced,meatboy,7,Success,4,0,230.35,0.857,"[(105.0, 237.0), (130.2, 243.3), (170.2, 243.0), (210.2, 243.9), (250.2, 243.3), (290.2, 243.0), (330.2, 195.5), (370.2, 158.6), (410.2, 140.6), (450.2, 141.3), (490.2, 161.0), (530.2, 199.4), (473.0, 158.7), (416.3, 106.1), (405.9, 72.4), (437.8, 57.4), (477.8, 61.4), (517.8, 84.2), (557.8, 115.3), (597.8, 92.8), (637.8, 46.4), (677.8, 18.9), (717.8, 10.3), (757.8, 20.5), (797.8, 49.5), (837.8, 97.4), (877.8, 164.2), (917.8, 243.0), (957.8, 243.9)]",0,0,3.83
experienced,meatboy,7,Success,4,0,230.35,0.857,"[(105.0, 237.0), (130.2, 243.3), (170.2, 243.0), (210.2, 243.9), (250.2, 243.3), (290.2, 243.0), (330.2, 195.5), (370.2, 158.6), (410.2, 140.6), (450.2, 141.3), (490.2, 161.0), (530.2, 199.4), (473.0, 158.7), (416.3, 106.1), (405.9, 72.4), (437.8, 57.4), (477.8, 61.4), (517.8, 84.2), (557.8, 115.3), (597.8, 92.8), (637.8, 46.4), (677.8, 18.9), (717.8, 10.3), (757.8, 20.5), (797.8, 49.5), (837.8, 97.4), (877.8, 164.2), (917.8, 243.0), (957.8, 243.9)]",0,0,3.83
experienced,meatboy,7,Success,4,0,230.35,0.857,"[(105.0, 237.0), (130.2, 243.3), (170.2, 243.0), (210.2, 243.9), (250.2, 243.3), (290.2, 243.0), (330.2, 195.5), (370.2, 158.6), (410.2, 140.6), (450.2, 141.3), (490.2, 161.0), (530.2, 199.4), (473.0, 158.7), (416.3, 106.1), (405.9, 72.4), (437.8, 57.4), (477.8, 61.4), (517.8, 84.2), (557.8, 115.3), (597.8, 92.8), (637.8, 46.4), (677.8, 18.9), (717.8, 10.3), (757.8, 20.5), (797.8, 49.5), (837.8, 97.4), (877.8, 164.2), (917.8, 243.0), (957.8, 243.9)]",0,0,3.83
experienced,meatboy,7,Success,4,0,230.35,0.857,"[(105.0, 237.0), (130.2, 243.3), (170.2, 243.0), (210.2, 243.9), (250.2, 243.3), (290.2, 243.0), (330.2, 195.5), (370.2, 158.6), (410.2, 140.6), (450.2, 141.3), (490.2, 161.0), (530.2, 199.4), (473.0, 158.7), (416.3, 106.1), (405.9, 72.4), (437.8, 57.4), (477.8, 61.4), (517.8, 84.2), (557.8, 115.3), (597.8, 92.8), (637.8, 46.4), (677.8, 18.9), (717.8, 10.3), (757.8, 20.5), (797.8, 49.5), (837.8, 97.4), (877.8, 164.2), (917.8, 243.0), (957.8, 243.9)]",0,0,3.83
experienced,meatboy,7,Success,4,0,230.35,0.857,"[(105.0, 237.0), (130.2, 243.3), (170.2, 243.0), (210.2, 243.9), (250.2, 243.3), (290.2, 243.0), (330.2, 195.5), (370.2, 158.6), (410.2, 140.6), (450.2, 141.3), (490.2, 161.0), (530.2, 199.4), (473.0, 158.7), (416.3, 106.1), (405.9, 72.4), (437.8, 57.4), (477.8, 61.4), (517.8, 84.2), (557.8, 115.3), (597.8, 92.8), (637.8, 46.4), (677.8, 18.9), (717.8, 10.3), (757.8, 20.5), (797.8, 49.5), (837.8, 97.4), (877.8, 164.2), (917.8, 243.0), (957.8, 243.9)]",0,0,3.83
experienced,meatboy,7,Success,4,0,230.35,0.857,"[(105.0, 237.0), (130.2, 243.3), (170.2, 243.0), (210.2, 243.9), (250.2, 243.3), (290.2, 243.0), (330.2, 195.5), (370.2, 158.6), (410.2, 140.6), (450.2, 141.3), (490.2, 161.0), (530.2, 199.4), (473.0, 158.7), (416.3, 106.1), (405.9, 72.4), (437.8, 57.4), (477.8, 61.4), (517.8, 84.2), (557.8, 115.3), (597.8, 92.8), (637.8, 46.4), (677.8, 18.9), (717.8, 10.3), (757.8, 20.5), (797.8, 49.5), (837.8, 97.4), (877.8, 164.2), (917.8, 243.0), (957.8, 243.9)]",0,0,3.83
experienced,meatboy,7,Success,4,0,230.35,0.857,"[(105.0, 237.0), (130.2, 243.3), (170.2, 243.0), (210.2, 243.9), (250.2, 243.3), (290.2, 243.0), (330.2, 195.5), (370.2, 158.6), (410.2, 140.6), (450.2, 141.3), (490.2, 161.0), (530.2, 199.4), (473.0, 158.7), (416.3, 106.1), (405.9, 72.4), (437.8, 57.4), (477.8, 61.4), (517.8, 84.2), (557.8, 115.3), (597.8, 92.8), (637.8, 46.4), (677.8, 18.9), (717.8, 10.3), (757.8, 20.5), (797.8, 49.5), (837.8, 97.4), (877.8, 164.2), (917.8, 243.0), (957.8, 243.9)]",0,0,3.83
experienced,meatboy,7,Success,4,0,230.35,0.857,"[(105.0, 237.0), (130.2, 243.3), (170.2, 243.0), (210.2, 243.9), (250.2, 243.3), (290.2, 243.0), (330.2, 195.5), (370.2, 158.6), (410.2, 140.6), (450.2, 141.3), (490.2, 161.0), (530.2, 199.4), (473.0, 158.7), (416.3, 106.1), (405.9, 72.4), (437.8, 57.4), (477.8, 61.4), (517.8, 84.2), (557.8, 115.3), (597.8, 92.8), (637.8, 46.4), (677.8, 18.9), (717.8, 10.3), (757.8, 20.5), (797.8, 49.5), (837.8, 97.4), (877.8, 164.2), (917.8, 243.0), (957.8, 243.9)]",0,0,3.83
experienced,meatboy,7,Saw,2,0,205.21,0.464,"[(105.0, 237.0), (130.2, 243.3), (170.2, 243.0), (210.2, 243.9), (250.2, 243.3), (290.2, 243.0), (330.2, 195.5), (370.2, 158.6), (410.2, 140.6), (450.2, 141.3), (490.2, 161.0), (530.2, 199.4), (535.0, 240.3), (535.0, 280.0), (535.0, 319.7), (535.0, 359.4), (535.0, 399.0)]",0,0,2.17
experienced,meatboy,7,Success,4,0,230.35,0.857,"[(105.0, 237.0), (130.2, 243.3), (170.2, 243.0), (210.2, 243.9), (250.2, 243.3), (290.2, 243.0), (330.2, 195.5), (370.2, 158.6), (410.2, 140.6), (450.2, 141.3), (490.2, 161.0), (530.2, 199.4), (473.0, 158.7), (416.3, 106.1), (405.9, 72.4), (437.8, 57.4), (477.8, 61.4), (517.8, 84.2), (557.8, 115.3), (597.8, 92.8), (637.8, 46.4), (677.8, 18.9), (717.8, 10.3), (757.8, 20.5), (797.8, 49.5), (837.8, 97.4), (877.8, 164.2), (917.8, 243.0), (957.8, 243.9)]",0,0,3.83
experienced,meatboy,7,Success,4,0,230.35,0.857,"[(105.0, 237.0), (130.2, 243.3), (170.2, 243.0), (210.2, 243.9), (250.2, 243.3), (290.2, 243.0), (330.2, 195.5), (370.2, 158.6), (410.2, 140.6), (450.2, 141.3), (490.2, 161.0), (530.2, 199.4), (473.0, 158.7), (416.3, 106.1), (405.9, 72.4), (437.8, 57.4), (477.8, 61.4), (517.8, 84.2), (557.8, 115.3), (597.8, 92.8), (637.8, 46.4), (677.8, 18.9), (717.8, 10.3), (757.8, 20.5), (797.8, 49.5), (837.8, 97.4), (877.8, 164.2), (917.8, 243.0), (957.8, 243.9)]",0,0,3.83
