persona,game,world,cause_of_death,jump_count,coins_collected,avg_vx,progress_ratio,route,enemies_killed,elapsed_time
speedrunner,meatboy,6,Stuck,0,0,-3.99,0.041,"[(73.0, 461.0), (71.3, 467.3), (66.7, 467.0), (63.0, 467.9), (58.0, 467.3), (53.3, 467.0), (53.0, 467.9), (53.0, 467.3), (53.0, 467.0), (53.0, 467.9), (53.0, 467.3), (53.0, 467.0), (53.0, 467.9), (53.0, 467.3), (53.0, 467.0), (53.0, 467.9), (53.0, 467.3), (53.0, 467.0), (53.0, 467.9), (53.0, 467.3), (53.0, 467.0), (53.0, 467.9), (53.0, 467.3), (53.0, 467.0), (53.0, 467.9), (53.0, 467.3), (53.0, 467.0), (53.0, 467.9), (53.0, 467.3), (53.0, 467.0), (53.0, 467.9), (53.0, 467.3), (53.0, 467.0), (53.0, 467.9), (53.0, 467.3), (53.0, 467.0), (53.0, 467.9), (53.0, 467.3)]",0,5.02
speedrunner,meatboy,6,Stuck,1,0,0.0,0.057,"[(73.0, 461.0), (73.0, 467.3), (73.0, 467.0), (73.0, 467.9), (73.0, 467.3), (73.0, 467.0), (73.0, 467.9), (73.0, 467.3), (73.0, 467.0), (73.0, 467.9), (73.0, 467.3), (73.0, 467.0), (73.0, 467.9), (73.0, 467.3), (73.0, 467.0), (73.0, 467.9), (73.0, 467.3), (73.0, 467.0), (73.0, 467.9), (73.0, 467.3), (73.0, 467.0), (73.0, 467.9), (73.0, 467.3), (73.0, 467.0), (73.0, 467.9), (73.0, 467.3), (73.0, 467.0), (73.0, 467.9), (73.0, 467.3), (73.0, 467.0), (73.0, 467.9), (73.0, 467.3), (73.0, 467.0), (73.0, 467.9), (73.0, 467.3), (73.0, 467.0), (73.0, 467.9), (73.0, 467.3)]",0,5.02
speedrunner,meatboy,6,Stuck,1,0,0.0,0.057,"[(73.0, 461.0), (73.0, 467.3), (73.0, 467.0), (73.0, 467.9), (73.0, 467.3), (73.0, 467.0), (73.0, 467.9), (73.0, 467.3), (73.0, 467.0), (73.0, 467.9), (73.0, 467.3), (73.0, 467.0), (73.0, 467.9), (73.0, 467.3), (73.0, 467.0), (73.0, 467.9), (73.0, 467.3), (73.0, 467.0), (73.0, 467.9), (73.0, 467.3), (73.0, 467.0), (73.0, 467.9), (73.0, 467.3), (73.0, 467.0), (73.0, 467.9), (73.0, 467.3), (73.0, 467.0), (73.0, 467.9), (73.0, 467.3), (73.0, 467.0), (73.0, 467.9), (73.0, 467.3), (73.0, 467.0), (73.0, 467.9), (73.0, 467.3), (73.0, 467.0), (73.0, 467.9), (73.0, 467.3)]",0,5.02
speedrunner,meatboy,6,Pit,1,0,-140.0,0.0,"[(73.0, 461.0), (25.7, 467.3), (-54.3, 473.2), (-133.0, 497.9), (-154.3, 541.5), (-94.3, 603.9)]",0,0.77
speedrunner,meatboy,6,Saw,0,0,565.0,0.469,"[(73.0, 461.0), (120.3, 467.3), (200.3, 467.0), (280.3, 467.9), (360.3, 467.3), (440.3, 467.0), (520.3, 467.9), (600.3, 467.3)]",0,0.93
speedrunner,meatboy,6,Stuck,0,0,10.77,0.101,"[(73.0, 461.0), (114.0, 467.3), (129.0, 467.0), (129.0, 467.9), (129.0, 467.3), (129.0, 467.0), (129.0, 467.9), (129.0, 467.3), (129.0, 467.0), (129.0, 467.9), (129.0, 467.3), (129.0, 467.0), (129.0, 467.9), (129.0, 467.3), (129.0, 467.0), (129.0, 467.9), (129.0, 467.3), (129.0, 467.0), (129.0, 467.9), (129.0, 467.3), (129.0, 467.0), (129.0, 467.9), (129.0, 467.3), (129.0, 467.0), (129.0, 467.9), (129.0, 467.3), (129.0, 467.0), (129.0, 467.9), (129.0, 467.3), (129.0, 467.0), (129.0, 467.9), (129.0, 467.3), (129.0, 467.0), (129.0, 467.9), (129.0, 467.3), (129.0, 467.0), (129.0, 467.9), (129.0, 467.3), (129.0, 467.0), (129.0, 467.9)]",0,5.2
speedrunner,meatboy,6,Pit,2,0,-557.39,0.0,"[(73.0, 461.0), (25.7, 467.3), (-54.3, 473.2), (-134.3, 497.9), (-214.3, 541.5), (-294.3, 603.9)]",0,0.77
speedrunner,meatboy,6,Pit,2,0,-576.67,0.0,"[(73.0, 461.0), (25.7, 467.3), (-54.3, 438.8), (-134.3, 394.9), (-214.3, 369.7), (-294.3, 363.4), (-374.3, 376.0), (-454.3, 407.4), (-534.3, 457.6), (-614.3, 526.7), (-694.3, 614.7)]",0,1.4
speedrunner,meatboy,6,Stuck,0,0,0.0,0.057,"[(73.0, 461.0), (73.0, 467.3), (73.0, 467.0), (73.0, 467.9), (73.0, 467.3), (73.0, 467.0), (73.0, 467.9), (73.0, 467.3), (73.0, 467.0), (73.0, 467.9), (73.0, 467.3), (73.0, 467.0), (73.0, 467.9), (73.0, 467.3), (73.0, 467.0), (73.0, 467.9), (73.0, 467.3), (73.0, 467.0), (73.0, 467.9), (73.0, 467.3), (73.0, 467.0), (73.0, 467.9), (73.0, 467.3), (73.0, 467.0), (73.0, 467.9), (73.0, 467.3), (73.0, 467.0), (73.0, 467.9), (73.0, 467.3), (73.0, 467.0), (73.0, 467.9), (73.0, 467.3), (73.0, 467.0), (73.0, 467.9), (73.0, 467.3), (73.0, 467.0), (73.0, 467.9), (73.0, 467.3)]",0,5.02
speedrunner,meatboy,6,Saw,1,0,565.0,0.469,"[(73.0, 461.0), (120.3, 467.3), (200.3, 467.0), (280.3, 467.9), (360.3, 467.3), (440.3, 467.0), (520.3, 467.9), (600.3, 467.3)]",0,0.93
speedrunner,meatboy,6,Saw,1,0,565.0,0.469,"[(73.0, 461.0), (120.3, 467.3), (200.3, 467.0), (280.3, 467.9), (360.3, 467.3), (440.3, 467.0), (520.3, 467.9), (600.3, 467.3)]",0,0.93
speedrunner,meatboy,6,Saw,0,0,565.0,0.469,"[(73.0, 461.0), (120.3, 467.3), (200.3, 467.0), (280.3, 467.9), (360.3, 467.3), (440.3, 467.0), (520.3, 467.9), (600.3, 467.3)]",0,0.93
speedrunner,meatboy,6,Stuck,0,0,10.77,0.101,"[(73.0, 461.0), (114.0, 467.3), (129.0, 467.0), (129.0, 467.9), (129.0, 467.3), (129.0, 467.0), (129.0, 467.9), (129.0, 467.3), (129.0, 467.0), (129.0, 467.9), (129.0, 467.3), (129.0, 467.0), (129.0, 467.9), (129.0, 467.3), (129.0, 467.0), (129.0, 467.9), (129.0, 467.3), (129.0, 467.0), (129.0, 467.9), (129.0, 467.3), (129.0, 467.0), (129.0, 467.9), (129.0, 467.3), (129.0, 467.0), (129.0, 467.9), (129.0, 467.3), (129.0, 467.0), (129.0, 467.9), (129.0, 467.3), (129.0, 467.0), (129.0, 467.9), (129.0, 467.3), (129.0, 467.0), (129.0, 467.9), (129.0, 467.3), (129.0, 467.0), (129.0, 467.9), (129.0, 467.3), (129.0, 467.0), (129.0, 467.9)]",0,5.2
speedrunner,meatboy,6,Stuck,0,0,0.0,0.057,"[(73.0, 461.0), (73.0, 467.3), (73.0, 467.0), (73.0, 467.9), (73.0, 467.3), (73.0, 467.0), (73.0, 467.9), (73.0, 467.3), (73.0, 467.0), (73.0, 467.9), (73.0, 467.3), (73.0, 467.0), (73.0, 467.9), (73.0, 467.3), (73.0, 467.0), (73.0, 467.9), (73.0, 467.3), (73.0, 467.0), (73.0, 467.9), (73.0, 467.3), (73.0, 467.0), (73.0, 467.9), (73.0, 467.3), (73.0, 467.0), (73.0, 467.9), (73.0, 467.3), (73.0, 467.0), (73.0, 467.9), (73.0, 467.3), (73.0, 467.0), (73.0, 467.9), (73.0, 467.3), (73.0, 467.0), (73.0, 467.9), (73.0, 467.3), (73.0, 467.0), (73.0, 467.9), (73.0, 467.3)]",0,5.02
speedrunner,meatboy,6,Saw,1,0,565.0,0.469,"[(73.0, 461.0), (120.3, 467.3), (200.3, 467.0), (280.3, 467.9), (360.3, 467.3), (440.3, 467.0), (520.3, 467.9), (600.3, 467.3)]",0,0.93
speedrunner,meatboy,6,Saw,2,0,565.0,0.469,"[(73.0, 461.0), (120.3, 457.3), (200.3, 450.2), (280.3, 462.0), (360.3, 467.9), (440.3, 467.3), (520.3, 467.0), (600.3, 467.9)]",0,0.93
speedrunner,meatboy,6,Saw,0,0,565.0,0.469,"[(73.0, 461.0), (120.3, 467.3), (200.3, 467.0), (280.3, 467.9), (360.3, 467.3), (440.3, 467.0), (520.3, 467.9), (600.3, 467.3)]",0,0.93
speedrunner,meatboy,6,Stuck,1,0,37.59,0.215,"[(73.0, 461.0), (120.3, 467.3), (200.3, 467.0), (265.3, 467.9), (275.3, 467.3), (275.3, 467.0), (275.3, 467.9), (275.3, 467.3), (275.3, 467.0), (275.3, 467.9), (275.3, 467.3), (275.3, 467.0), (275.3, 467.9), (275.3, 467.3), (275.3, 467.0), (275.3, 467.9), (275.3, 467.3), (275.3, 467.0), (275.3, 467.9), (275.3, 467.3), (275.3, 467.0), (275.3, 467.9), (275.3, 467.3), (275.3, 467.0), (275.3, 467.9), (275.3, 467.3), (275.3, 467.0), (275.3, 467.9), (275.3, 467.3), (275.3, 467.0), (275.3, 467.9), (275.3, 467.3), (275.3, 467.0), (275.3, 467.9), (275.3, 467.3), (275.3, 467.0), (275.3, 467.9), (275.3, 467.3), (275.3, 467.0), (275.3, 467.9), (275.3, 467.3)]",0,5.38
speedrunner,meatboy,6,Saw,1,0,565.0,0.469,"[(73.0, 461.0), (120.3, 467.3), (200.3, 467.0), (280.3, 467.9), (360.3, 467.3), (440.3, 467.0), (520.3, 467.9), (600.3, 467.3)]",0,0.93
speedrunner,meatboy,6,Saw,1,0,565.0,0.469,"[(73.0, 461.0), (120.3, 467.3), (200.3, 467.0), (280.3, 467.9), (360.3, 467.3), (440.3, 467.0), (520.3, 467.9), (600.3, 467.3)]",0,0.93
speedrunner,meatboy,6,Saw,1,0,565.0,0.469,"[(73.0, 461.0), (120.3, 467.3), (200.3, 467.0), (280.3, 467.9), (360.3, 467.3), (440.3, 467.0), (520.3, 467.9), (600.3, 467.3)]",0,0.93
speedrunner,meatboy,6,Saw,1,0,565.0,0.469,"[(73.0, 461.0), (120.3, 467.3), (200.3, 467.0), (280.3, 467.9), (360.3, 467.3), (440.3, 467.0), (520.3, 467.9), (600.3, 467.3)]",0,0.93
speedrunner,meatboy,6,Saw,0,0,565.0,0.469,"[(73.0, 461.0), (120.3, 467.3), (200.3, 467.0), (280.3, 467.9), (360.3, 467.3), (440.3, 467.0), (520.3, 467.9), (600.3, 467.3)]",0,0.93
speedrunner,meatboy,6,Saw,2,0,565.0,0.469,"[(73.0, 461.0), (120.3, 457.3), (200.3, 450.2), (280.3, 462.0), (360.3, 467.9), (440.3, 467.3), (520.3, 467.0), (600.3, 467.9)]",0,0.93
speedrunner,meatboy,6,Saw,0,0,565.0,0.469,"[(73.0, 461.0), (120.3, 467.3), (200.3, 467.0), (280.3, 467.9), (360.3, 467.3), (440.3, 467.0), (520.3, 467.9), (600.3, 467.3)]",0,0.93
speedrunner,meatboy,6,Saw,1,0,565.0,0.469,"[(73.0, 461.0), (120.3, 467.3), (200.3, 467.0), (280.3, 467.9), (360.3, 467.3), (440.3, 467.0), (520.3, 467.9), (600.3, 467.3)]",0,0.93
speedrunner,meatboy,6,Saw,1,0,565.0,0.469,"[(73.0, 461.0), (120.3, 467.3), (200.3, 467.0), (280.3, 467.9), (360.3, 467.3), (440.3, 467.0), (520.3, 467.9), (600.3, 467.3)]",0,0.93
speedrunner,meatboy,6,Saw,1,0,565.0,0.469,"[(73.0, 461.0), (120.3, 467.3), (200.3, 467.0), (280.3, 467.9), (360.3, 467.3), (440.3, 467.0), (520.3, 467.9), (600.3, 467.3)]",0,0.93
speedrunner,meatboy,6,Saw,2,0,565.0,0.469,"[(73.0, 461.0), (120.3, 467.3), (200.3, 467.0), (280.3, 467.9), (360.3, 450.5), (440.3, 455.2), (520.3, 467.9), (600.3, 467.3)]",0,0.93
speedrunner,meatboy,6,Saw,0,0,565.0,0.469,"[(73.0, 461.0), (120.3, 467.3), (200.3, 467.0), (280.3, 467.9), (360.3, 467.3), (440.3, 467.0), (520.3, 467.9), (600.3, 467.3)]",0,0.93
speedrunner,meatboy,6,Saw,0,0,565.0,0.469,"[(73.0, 461.0), (120.3, 467.3), (200.3, 467.0), (280.3, 467.9), (360.3, 467.3), (440.3, 467.0), (520.3, 467.9), (600.3, 467.3)]",0,0.93
speedrunner,meatboy,6,Saw,2,0,565.0,0.469,"[(73.0, 461.0), (120.3, 467.3), (200.3, 467.0), (280.3, 467.9), (360.3, 450.5), (440.3, 455.2), (520.3, 467.9), (600.3, 467.3)]",0,0.93
speedrunner,meatboy,6,Saw,1,0,565.0,0.469,"[(73.0, 461.0), (120.3, 467.3), (200.3, 467.0), (280.3, 467.9), (360.3, 467.3), (440.3, 467.0), (520.3, 467.9), (600.3, 467.3)]",0,0.93
speedrunner,meatboy,6,Saw,1,0,565.0,0.469,"[(73.0, 461.0), (120.3, 467.3), (200.3, 467.0), (280.3, 467.9), (360.3, 467.3), (440.3, 467.0), (520.3, 467.9), (600.3, 467.3)]",0,0.93
speedrunner,meatboy,6,Saw,3,0,562.14,0.467,"[(73.0, 461.0), (120.3, 459.3), (200.3, 449.9), (280.3, 459.3), (359.0, 453.0), (439.0, 453.0), (519.0, 459.3), (597.7, 449.9)]",0,0.93
speedrunner,meatboy,6,Saw,4,0,244.44,0.381,"[(73.0, 461.0), (120.3, 452.1), (172.7, 402.2), (98.0, 337.8), (95.3, 292.3), (166.0, 265.6), (246.0, 257.8), (326.0, 268.8), (344.0, 258.0), (281.3, 198.3), (300.0, 157.5), (378.0, 135.5), (458.0, 132.4)]",0,1.65
speedrunner,meatboy,6,Saw,2,0,565.0,0.469,"[(73.0, 461.0), (120.3, 457.3), (200.3, 450.2), (280.3, 462.0), (360.3, 452.1), (440.3, 454.5), (520.3, 467.9), (600.3, 467.3)]",0,0.93
speedrunner,meatboy,6,Saw,1,0,565.0,0.469,"[(73.0, 461.0), (120.3, 467.3), (200.3, 467.0), (280.3, 467.9), (360.3, 467.3), (440.3, 467.0), (520.3, 467.9), (600.3, 467.3)]",0,0.93
speedrunner,meatboy,6,Saw,3,0,565.0,0.469,"[(73.0, 461.0), (120.3, 457.3), (200.3, 450.2), (280.3, 462.0), (360.3, 452.1), (440.3, 454.5), (520.3, 467.9), (600.3, 450.9)]",0,0.93
speedrunner,meatboy,6,Saw,2,0,565.0,0.469,"[(73.0, 461.0), (120.3, 467.3), (200.3, 467.0), (280.3, 453.9), (360.3, 451.5), (440.3, 467.0), (520.3, 450.0), (600.3, 457.1)]",0,0.93
speedrunner,meatboy,6,Saw,2,0,565.0,0.469,"[(73.0, 461.0), (120.3, 467.3), (200.3, 467.0), (280.3, 453.9), (360.3, 451.5), (440.3, 467.0), (520.3, 450.0), (600.3, 457.1)]",0,0.93
speedrunner,meatboy,6,Saw,3,0,565.0,0.469,"[(73.0, 461.0), (120.3, 457.3), (200.3, 450.2), (280.3, 462.0), (360.3, 452.1), (440.3, 454.5), (520.3, 467.9), (600.3, 450.9)]",0,0.93
speedrunner,meatboy,6,Saw,1,0,565.0,0.469,"[(73.0, 461.0), (120.3, 467.3), (200.3, 467.0), (280.3, 467.9), (360.3, 467.3), (440.3, 467.0), (520.3, 467.9), (600.3, 467.3)]",0,0.93
speedrunner,meatboy,6,Saw,2,0,565.0,0.469,"[(73.0, 461.0), (120.3, 457.3), (200.3, 450.2), (280.3, 462.0), (360.3, 452.1), (440.3, 454.5), (520.3, 467.9), (600.3, 467.3)]",0,0.93
speedrunner,meatboy,6,Saw,3,0,565.0,0.469,"[(73.0, 461.0), (120.3, 457.3), (200.3, 450.2), (280.3, 462.0), (360.3, 434.8), (440.3, 430.1), (520.3, 444.2), (600.3, 452.1)]",0,0.93
speedrunner,meatboy,6,Saw,0,0,565.0,0.469,"[(73.0, 461.0), (120.3, 467.3), (200.3, 467.0), (280.3, 467.9), (360.3, 467.3), (440.3, 467.0), (520.3, 467.9), (600.3, 467.3)]",0,0.93
speedrunner,meatboy,6,Saw,2,0,565.0,0.469,"[(73.0, 461.0), (120.3, 457.3), (200.3, 450.2), (280.3, 462.0), (360.3, 467.9), (440.3, 467.3), (520.3, 467.0), (600.3, 453.9)]",0,0.93
speedrunner,meatboy,6,Saw,3,0,565.0,0.469,"[(73.0, 461.0), (120.3, 457.3), (200.3, 450.2), (280.3, 462.0), (360.3, 452.1), (440.3, 454.5), (520.3, 457.1), (600.3, 450.0)]",0,0.93
speedrunner,meatboy,6,Saw,1,0,565.0,0.469,"[(73.0, 461.0), (120.3, 467.3), (200.3, 467.0), (280.3, 467.9), (360.3, 467.3), (440.3, 467.0), (520.3, 467.9), (600.3, 467.3)]",0,0.93
speedrunner,meatboy,6,Saw,2,0,565.0,0.469,"[(73.0, 461.0), (120.3, 457.3), (200.3, 450.2), (280.3, 462.0), (360.3, 467.9), (440.3, 467.3), (520.3, 454.4), (600.3, 452.1)]",0,0.93
speedrunner,meatboy,6,Saw,2,0,565.0,0.469,"[(73.0, 461.0), (120.3, 457.3), (200.3, 450.2), (280.3, 462.0), (360.3, 467.9), (440.3, 467.3), (520.3, 454.4), (600.3, 452.1)]",0,0.93
speedrunner,meatboy,6,Saw,1,0,565.0,0.469,"[(73.0, 461.0), (120.3, 467.3), (200.3, 467.0), (280.3, 467.9), (360.3, 467.3), (440.3, 467.0), (520.3, 467.9), (600.3, 467.3)]",0,0.93
speedrunner,meatboy,6,Saw,3,0,565.0,0.469,"[(73.0, 461.0), (120.3, 457.3), (200.3, 450.2), (280.3, 462.0), (360.3, 452.1), (440.3, 454.5), (520.3, 457.1), (600.3, 450.0)]",0,0.93
speedrunner,meatboy,6,Saw,2,0,565.0,0.469,"[(73.0, 461.0), (120.3, 457.3), (200.3, 450.2), (280.3, 462.0), (360.3, 467.9), (440.3, 467.3), (520.3, 467.0), (600.3, 453.9)]",0,0.93
speedrunner,meatboy,6,Saw,2,0,565.0,0.469,"[(73.0, 461.0), (120.3, 467.3), (200.3, 467.0), (280.3, 453.9), (360.3, 451.5), (440.3, 467.0), (520.3, 450.0), (600.3, 457.1)]",0,0.93
speedrunner,meatboy,6,Saw,0,0,565.0,0.469,"[(73.0, 461.0), (120.3, 467.3), (200.3, 467.0), (280.3, 467.9), (360.3, 467.3), (440.3, 467.0), (520.3, 467.9), (600.3, 467.3)]",0,0.93
speedrunner,meatboy,6,Saw,3,0,565.0,0.469,"[(73.0, 461.0), (120.3, 457.3), (200.3, 450.2), (280.3, 462.0), (360.3, 452.1), (440.3, 454.5), (520.3, 457.1), (600.3, 450.0)]",0,0.93
speedrunner,meatboy,6,Saw,3,0,565.0,0.469,"[(73.0, 461.0), (120.3, 457.3), (200.3, 450.2), (280.3, 462.0), (360.3, 452.1), (440.3, 454.5), (520.3, 457.1), (600.3, 450.0)]",0,0.93
speedrunner,meatboy,6,Saw,1,0,565.0,0.469,"[(73.0, 461.0), (120.3, 457.3), (200.3, 450.2), (280.3, 462.0), (360.3, 467.9), (440.3, 467.3), (520.3, 467.0), (600.3, 467.9)]",0,0.93
speedrunner,meatboy,6,Saw,3,0,565.0,0.469,"[(73.0, 461.0), (120.3, 457.3), (200.3, 450.2), (280.3, 462.0), (360.3, 452.1), (440.3, 454.5), (520.3, 467.9), (600.3, 450.9)]",0,0.93
speedrunner,meatboy,6,Saw,3,0,565.0,0.469,"[(73.0, 461.0), (120.3, 457.3), (200.3, 450.2), (280.3, 462.0), (360.3, 452.1), (440.3, 454.5), (520.3, 467.9), (600.3, 450.9)]",0,0.93
speedrunner,meatboy,6,Saw,1,0,565.0,0.469,"[(73.0, 461.0), (120.3, 457.3), (200.3, 450.2), (280.3, 462.0), (360.3, 467.9), (440.3, 467.3), (520.3, 467.0), (600.3, 467.9)]",0,0.93
speedrunner,meatboy,6,Saw,3,0,565.0,0.469,"[(73.0, 461.0), (120.3, 457.3), (200.3, 450.2), (280.3, 462.0), (360.3, 452.1), (440.3, 454.5), (520.3, 457.1), (600.3, 450.0)]",0,0.93
speedrunner,meatboy,6,Saw,3,0,565.0,0.469,"[(73.0, 461.0), (120.3, 457.3), (200.3, 450.2), (280.3, 462.0), (360.3, 452.1), (440.3, 454.5), (520.3, 457.1), (600.3, 450.0)]",0,0.93
speedrunner,meatboy,6,Saw,3,0,565.0,0.469,"[(73.0, 461.0), (120.3, 457.3), (200.3, 450.2), (280.3, 462.0), (360.3, 452.1), (440.3, 454.5), (520.3, 457.1), (600.3, 450.0)]",0,0.93
speedrunner,meatboy,6,Saw,1,0,565.0,0.469,"[(73.0, 461.0), (120.3, 457.3), (200.3, 450.2), (280.3, 462.0), (360.3, 467.9), (440.3, 467.3), (520.3, 467.0), (600.3, 467.9)]",0,0.93
speedrunner,meatboy,6,Saw,0,0,565.0,0.469,"[(73.0, 461.0), (120.3, 467.3), (200.3, 467.0), (280.3, 467.9), (360.3, 467.3), (440.3, 467.0), (520.3, 467.9), (600.3, 467.3)]",0,0.93
speedrunner,meatboy,6,Saw,1,0,565.0,0.469,"[(73.0, 461.0), (120.3, 457.3), (200.3, 450.2), (280.3, 462.0), (360.3, 467.9), (440.3, 467.3), (520.3, 467.0), (600.3, 467.9)]",0,0.93
speedrunner,meatboy,6,Saw,2,0,565.0,0.469,"[(73.0, 461.0), (120.3, 457.3), (200.3, 450.2), (280.3, 462.0), (360.3, 467.9), (440.3, 467.3), (520.3, 457.4), (600.3, 450.3)]",0,0.93
speedrunner,meatboy,6,Stuck,0,0,23.2,0.154,"[(73.0, 461.0), (88.8, 467.3), (161.5, 467.0), (197.5, 467.9), (197.5, 467.3), (197.5, 467.0), (197.5, 467.9), (197.5, 467.3), (197.5, 467.0), (197.5, 467.9), (197.5, 467.3), (197.5, 467.0), (197.5, 467.9), (197.5, 467.3), (197.5, 467.0), (197.5, 467.9), (197.5, 467.3), (197.5, 467.0), (197.5, 467.9), (197.5, 467.3), (197.5, 467.0), (197.5, 467.9), (197.5, 467.3), (197.5, 467.0), (197.5, 467.9), (197.5, 467.3), (197.5, 467.0), (197.5, 467.9), (197.5, 467.3), (197.5, 467.0), (197.5, 467.9), (197.5, 467.3), (197.5, 467.0), (197.5, 467.9), (197.5, 467.3), (197.5, 467.0), (197.5, 467.9), (197.5, 467.3), (197.5, 467.0), (197.5, 467.9), (197.5, 467.3)]",0,5.37
speedrunner,meatboy,6,Saw,2,0,565.0,0.469,"[(73.0, 461.0), (120.3, 457.3), (200.3, 450.2), (280.3, 462.0), (360.3, 467.9), (440.3, 467.3), (520.3, 457.4), (600.3, 450.3)]",0,0.93
speedrunner,meatboy,6,Saw,1,0,565.0,0.469,"[(73.0, 461.0), (120.3, 457.3), (200.3, 450.2), (280.3, 462.0), (360.3, 467.9), (440.3, 467.3), (520.3, 467.0), (600.3, 467.9)]",0,0.93
speedrunner,meatboy,6,Saw,0,0,565.0,0.469,"[(73.0, 461.0), (120.3, 467.3), (200.3, 467.0), (280.3, 467.9), (360.3, 467.3), (440.3, 467.0), (520.3, 467.9), (600.3, 467.3)]",0,0.93
speedrunner,meatboy,6,Saw,1,0,565.0,0.469,"[(73.0, 461.0), (120.3, 457.3), (200.3, 450.2), (280.3, 462.0), (360.3, 467.9), (440.3, 467.3), (520.3, 467.0), (600.3, 467.9)]",0,0.93
speedrunner,meatboy,6,Saw,3,0,565.0,0.469,"[(73.0, 461.0), (120.3, 457.3), (200.3, 450.2), (280.3, 462.0), (360.3, 452.1), (440.3, 454.5), (520.3, 457.1), (600.3, 450.0)]",0,0.93
speedrunner,meatboy,6,Saw,3,0,565.0,0.469,"[(73.0, 461.0), (120.3, 457.3), (200.3, 450.2), (280.3, 462.0), (360.3, 452.1), (440.3, 454.5), (520.3, 457.1), (600.3, 450.0)]",0,0.93
speedrunner,meatboy,6,Saw,3,0,565.0,0.469,"[(73.0, 461.0), (120.3, 457.3), (200.3, 450.2), (280.3, 462.0), (360.3, 452.1), (440.3, 454.5), (520.3, 459.6), (600.3, 450.2)]",0,0.93
speedrunner,meatboy,6,Saw,3,0,565.0,0.469,"[(73.0, 461.0), (120.3, 457.3), (200.3, 450.2), (280.3, 462.0), (360.3, 452.1), (440.3, 454.5), (520.3, 467.9), (600.3, 453.1)]",0,0.93
speedrunner,meatboy,6,Saw,3,0,565.0,0.469,"[(73.0, 461.0), (120.3, 457.3), (200.3, 450.2), (280.3, 462.0), (360.3, 452.1), (440.3, 454.5), (520.3, 457.1), (600.3, 450.0)]",0,0.93
speedrunner,meatboy,6,Saw,2,0,565.0,0.469,"[(73.0, 461.0), (120.3, 457.3), (200.3, 450.2), (280.3, 462.0), (360.3, 467.9), (440.3, 467.3), (520.3, 467.0), (600.3, 459.6)]",0,0.93
speedrunner,meatboy,6,Saw,2,0,565.0,0.469,"[(73.0, 461.0), (120.3, 457.3), (200.3, 450.2), (280.3, 462.0), (360.3, 467.9), (440.3, 467.3), (520.3, 467.0), (600.3, 459.6)]",0,0.93
speedrunner,meatboy,6,Saw,3,0,565.0,0.469,"[(73.0, 461.0), (120.3, 457.3), (200.3, 450.2), (280.3, 462.0), (360.3, 452.1), (440.3, 454.5), (520.3, 457.1), (600.3, 450.0)]",0,0.93
speedrunner,meatboy,6,Saw,3,0,565.0,0.469,"[(73.0, 461.0), (120.3, 457.3), (200.3, 450.2), (280.3, 462.0), (360.3, 452.1), (440.3, 454.5), (520.3, 467.9), (600.3, 453.1)]",0,0.93
speedrunner,meatboy,6,Saw,3,0,565.0,0.469,"[(73.0, 461.0), (120.3, 457.3), (200.3, 450.2), (280.3, 462.0), (360.3, 452.1), (440.3, 454.5), (520.3, 459.6), (600.3, 450.2)]",0,0.93
speedrunner,meatboy,6,Saw,3,0,565.0,0.469,"[(73.0, 461.0), (120.3, 457.3), (200.3, 450.2), (280.3, 462.0), (360.3, 452.1), (440.3, 454.5), (520.3, 457.1), (600.3, 450.0)]",0,0.93
speedrunner,meatboy,6,Saw,1,0,565.0,0.469,"[(73.0, 461.0), (120.3, 457.3), (200.3, 450.2), (280.3, 462.0), (360.3, 467.9), (440.3, 467.3), (520.3, 467.0), (600.3, 467.9)]",0,0.93
speedrunner,meatboy,6,Saw,3,0,565.0,0.469,"[(73.0, 461.0), (120.3, 457.3), (200.3, 450.2), (280.3, 462.0), (360.3, 452.1), (440.3, 454.5), (520.3, 457.1), (600.3, 450.0)]",0,0.93
speedrunner,meatboy,6,Saw,3,0,565.0,0.469,"[(73.0, 461.0), (120.3, 457.3), (200.3, 450.2), (280.3, 462.0), (360.3, 452.1), (440.3, 454.5), (520.3, 457.1), (600.3, 450.0)]",0,0.93
speedrunner,meatboy,6,Saw,1,0,565.0,0.469,"[(73.0, 461.0), (120.3, 457.3), (200.3, 450.2), (280.3, 462.0), (360.3, 467.9), (440.3, 467.3), (520.3, 467.0), (600.3, 467.9)]",0,0.93
speedrunner,meatboy,6,Saw,3,0,565.0,0.469,"[(73.0, 461.0), (120.3, 457.3), (200.3, 450.2), (280.3, 462.0), (360.3, 452.1), (440.3, 454.5), (520.3, 457.1), (600.3, 450.0)]",0,0.93
speedrunner,meatboy,6,Saw,3,0,565.0,0.469,"[(73.0, 461.0), (120.3, 457.3), (200.3, 450.2), (280.3, 462.0), (360.3, 452.1), (440.3, 454.5), (520.3, 457.1), (600.3, 450.0)]",0,0.93
speedrunner,meatboy,6,Saw,1,0,565.0,0.469,"[(73.0, 461.0), (120.3, 457.3), (200.3, 450.2), (280.3, 462.0), (360.3, 467.9), (440.3, 467.3), (520.3, 467.0), (600.3, 467.9)]",0,0.93
speedrunner,meatboy,6,Saw,3,0,565.0,0.469,"[(73.0, 461.0), (120.3, 457.3), (200.3, 450.2), (280.3, 462.0), (360.3, 452.1), (440.3, 454.5), (520.3, 457.1), (600.3, 450.0)]",0,0.93
speedrunner,meatboy,6,Saw,3,0,565.0,0.469,"[(73.0, 461.0), (120.3, 457.3), (200.3, 450.2), (280.3, 462.0), (360.3, 452.1), (440.3, 454.5), (520.3, 457.1), (600.3, 450.0)]",0,0.93
speedrunner,meatboy,6,Saw,2,0,565.0,0.469,"[(73.0, 461.0), (120.3, 457.3), (200.3, 450.2), (280.3, 462.0), (360.3, 467.9), (440.3, 467.3), (520.3, 452.5), (600.3, 452.6)]",0,0.93
speedrunner,meatboy,6,Saw,2,0,565.0,0.469,"[(73.0, 461.0), (120.3, 457.3), (200.3, 450.2), (280.3, 462.0), (360.3, 467.9), (440.3, 467.3), (520.3, 467.0), (600.3, 452.1)]",0,0.93
speedrunner,meatboy,6,Saw,0,0,565.0,0.469,"[(73.0, 461.0), (120.3, 467.3), (200.3, 467.0), (280.3, 467.9), (360.3, 467.3), (440.3, 467.0), (520.3, 467.9), (600.3, 467.3)]",0,0.93
speedrunner,meatboy,6,Saw,2,0,565.0,0.469,"[(73.0, 461.0), (120.3, 457.3), (200.3, 450.2), (280.3, 462.0), (360.3, 467.9), (440.3, 467.3), (520.3, 467.0), (600.3, 459.6)]",0,0.93
speedrunner,meatboy,6,Saw,3,0,565.0,0.469,"[(73.0, 461.0), (120.3, 457.3), (200.3, 450.2), (280.3, 462.0), (360.3, 452.1), (440.3, 454.5), (520.3, 457.1), (600.3, 450.0)]",0,0.93
speedrunner,meatboy,6,Saw,3,0,565.0,0.469,"[(73.0, 461.0), (120.3, 457.3), (200.3, 450.2), (280.3, 462.0), (360.3, 452.1), (440.3, 454.5), (520.3, 467.9), (600.3, 455.5)]",0,0.93
speedrunner,meatboy,6,Saw,3,0,565.0,0.469,"[(73.0, 461.0), (120.3, 457.3), (200.3, 450.2), (280.3, 462.0), (360.3, 452.1), (440.3, 454.5), (520.3, 467.9), (600.3, 455.5)]",0,0.93
speedrunner,meatboy,6,Saw,3,0,565.0,0.469,"[(73.0, 461.0), (120.3, 457.3), (200.3, 450.2), (280.3, 462.0), (360.3, 452.1), (440.3, 454.5), (520.3, 457.1), (600.3, 450.0)]",0,0.93
speedrunner,meatboy,6,Saw,2,0,565.0,0.469,"[(73.0, 461.0), (120.3, 457.3), (200.3, 450.2), (280.3, 462.0), (360.3, 467.9), (440.3, 467.3), (520.3, 467.0), (600.3, 459.6)]",0,0.93
speedrunner,meatboy,6,Saw,0,0,565.0,0.469,"[(73.0, 461.0), (120.3, 467.3), (200.3, 467.0), (280.3, 467.9), (360.3, 467.3), (440.3, 467.0), (520.3, 467.9), (600.3, 467.3)]",0,0.93
speedrunner,meatboy,6,Saw,0,0,565.0,0.469,"[(73.0, 461.0), (120.3, 467.3), (200.3, 467.0), (280.3, 467.9), (360.3, 467.3), (440.3, 467.0), (520.3, 467.9), (600.3, 467.3)]",0,0.93
speedrunner,meatboy,6,Saw,3,0,565.0,0.469,"[(73.0, 461.0), (120.3, 457.3), (200.3, 450.2), (280.3, 462.0), (360.3, 452.1), (440.3, 454.5), (520.3, 457.1), (600.3, 450.0)]",0,0.93
speedrunner,meatboy,6,Saw,2,0,565.0,0.469,"[(73.0, 461.0), (120.3, 457.3), (200.3, 450.2), (280.3, 462.0), (360.3, 467.9), (440.3, 467.3), (520.3, 467.0), (600.3, 459.6)]",0,0.93
speedrunner,meatboy,6,Saw,0,0,565.0,0.469,"[(73.0, 461.0), (120.3, 467.3), (200.3, 467.0), (280.3, 467.9), (360.3, 467.3), (440.3, 467.0), (520.3, 467.9), (600.3, 467.3)]",0,0.93
speedrunner,meatboy,6,Saw,3,0,565.0,0.469,"[(73.0, 461.0), (120.3, 457.3), (200.3, 450.2), (280.3, 462.0), (360.3, 452.1), (440.3, 454.5), (520.3, 457.1), (600.3, 450.0)]",0,0.93
speedrunner,meatboy,6,Saw,1,0,565.0,0.469,"[(73.0, 461.0), (120.3, 457.3), (200.3, 450.2), (280.3, 462.0), (360.3, 467.9), (440.3, 467.3), (520.3, 467.0), (600.3, 467.9)]",0,0.93
speedrunner,meatboy,6,Saw,1,0,565.0,0.469,"[(73.0, 461.0), (120.3, 457.3), (200.3, 450.2), (280.3, 462.0), (360.3, 467.9), (440.3, 467.3), (520.3, 467.0), (600.3, 467.9)]",0,0.93
speedrunner,meatboy,6,Saw,3,0,565.0,0.469,"[(73.0, 461.0), (120.3, 457.3), (200.3, 450.2), (280.3, 462.0), (360.3, 452.1), (440.3, 454.5), (520.3, 457.1), (600.3, 450.0)]",0,0.93
speedrunner,meatboy,6,Saw,0,0,565.0,0.469,"[(73.0, 461.0), (120.3, 467.3), (200.3, 467.0), (280.3, 467.9), (360.3, 467.3), (440.3, 467.0), (520.3, 467.9), (600.3, 467.3)]",0,0.93
speedrunner,meatboy,6,Saw,2,0,565.0,0.469,"[(73.0, 461.0), (120.3, 457.3), (200.3, 450.2), (280.3, 462.0), (360.3, 467.9), (440.3, 467.3), (520.3, 467.0), (600.3, 459.6)]",0,0.93
speedrunner,meatboy,6,Saw,0,0,565.0,0.469,"[(73.0, 461.0), (120.3, 467.3), (200.3, 467.0), (280.3, 467.9), (360.3, 467.3), (440.3, 467.0), (520.3, 467.9), (600.3, 467.3)]",0,0.93
speedrunner,meatboy,6,Saw,0,0,565.0,0.469,"[(73.0, 461.0), (120.3, 467.3), (200.3, 467.0), (280.3, 467.9), (360.3, 467.3), (440.3, 467.0), (520.3, 467.9), (600.3, 467.3)]",0,0.93
speedrunner,meatboy,6,Saw,2,0,565.0,0.469,"[(73.0, 461.0), (120.3, 457.3), (200.3, 450.2), (280.3, 462.0), (360.3, 467.9), (440.3, 467.3), (520.3, 457.4), (600.3, 450.3)]",0,0.93
speedrunner,meatboy,6,Saw,2,0,565.0,0.469,"[(73.0, 461.0), (120.3, 457.3), (200.3, 450.2), (280.3, 462.0), (360.3, 467.9), (440.3, 467.3), (520.3, 467.0), (600.3, 456.1)]",0,0.93
speedrunner,meatboy,6,Saw,3,0,565.0,0.469,"[(73.0, 461.0), (120.3, 457.3), (200.3, 450.2), (280.3, 462.0), (360.3, 467.9), (440.3, 467.3), (520.3, 467.0), (600.3, 450.8)]",0,0.93
speedrunner,meatboy,6,Saw,3,0,565.0,0.469,"[(73.0, 461.0), (120.3, 457.3), (200.3, 450.2), (280.3, 462.0), (360.3, 452.1), (440.3, 454.5), (520.3, 457.1), (600.3, 450.0)]",0,0.93
speedrunner,meatboy,6,Saw,3,0,565.0,0.469,"[(73.0, 461.0), (120.3, 457.3), (200.3, 450.2), (280.3, 462.0), (360.3, 452.1), (440.3, 454.5), (520.3, 457.1), (600.3, 450.0)]",0,0.93
speedrunner,meatboy,6,Saw,3,0,565.0,0.469,"[(73.0, 461.0), (120.3, 457.3), (200.3, 450.2), (280.3, 462.0), (360.3, 467.9), (440.3, 467.3), (520.3, 467.0), (600.3, 450.8)]",0,0.93
speedrunner,meatboy,6,Saw,2,0,565.0,0.469,"[(73.0, 461.0), (120.3, 457.3), (200.3, 450.2), (280.3, 462.0), (360.3, 467.9), (440.3, 467.3), (520.3, 467.0), (600.3, 456.1)]",0,0.93
speedrunner,meatboy,6,Saw,2,0,565.0,0.469,"[(73.0, 461.0), (120.3, 457.3), (200.3, 450.2), (280.3, 462.0), (360.3, 467.9), (440.3, 467.3), (520.3, 457.4), (600.3, 450.3)]",0,0.93
speedrunner,meatboy,6,Saw,2,0,565.0,0.469,"[(73.0, 461.0), (120.3, 457.3), (200.3, 450.2), (280.3, 462.0), (360.3, 467.9), (440.3, 467.3), (520.3, 467.0), (600.3, 467.9)]",0,0.93
speedrunner,meatboy,6,Saw,4,0,565.0,0.469,"[(73.0, 461.0), (120.3, 457.3), (200.3, 450.2), (280.3, 462.0), (360.3, 452.1), (440.3, 454.5), (520.3, 457.1), (600.3, 450.0)]",0,0.93
speedrunner,meatboy,6,Saw,0,0,565.0,0.469,"[(73.0, 461.0), (120.3, 467.3), (200.3, 467.0), (280.3, 467.9), (360.3, 467.3), (440.3, 467.0), (520.3, 467.9), (600.3, 467.3)]",0,0.93
speedrunner,meatboy,6,Saw,0,0,565.0,0.469,"[(73.0, 461.0), (120.3, 467.3), (200.3, 467.0), (280.3, 467.9), (360.3, 467.3), (440.3, 467.0), (520.3, 467.9), (600.3, 467.3)]",0,0.93
speedrunner,meatboy,6,Saw,1,0,565.0,0.469,"[(73.0, 461.0), (120.3, 457.3), (200.3, 450.2), (280.3, 462.0), (360.3, 467.9), (440.3, 467.3), (520.3, 467.0), (600.3, 467.9)]",0,0.93
speedrunner,meatboy,6,Saw,0,0,565.0,0.469,"[(73.0, 461.0), (120.3, 467.3), (200.3, 467.0), (280.3, 467.9), (360.3, 467.3), (440.3, 467.0), (520.3, 467.9), (600.3, 467.3)]",0,0.93
speedrunner,meatboy,6,Saw,0,0,565.0,0.469,"[(73.0, 461.0), (120.3, 467.3), (200.3, 467.0), (280.3, 467.9), (360.3, 467.3), (440.3, 467.0), (520.3, 467.9), (600.3, 467.3)]",0,0.93
speedrunner,meatboy,6,Saw,1,0,565.0,0.469,"[(73.0, 461.0), (120.3, 457.3), (200.3, 450.2), (280.3, 462.0), (360.3, 467.9), (440.3, 467.3), (520.3, 467.0), (600.3, 467.9)]",0,0.93
speedrunner,meatboy,6,Saw,0,0,565.0,0.469,"[(73.0, 461.0), (120.3, 467.3), (200.3, 467.0), (280.3, 467.9), (360.3, 467.3), (440.3, 467.0), (520.3, 467.9), (600.3, 467.3)]",0,0.93
speedrunner,meatboy,6,Saw,0,0,565.0,0.469,"[(73.0, 461.0), (120.3, 467.3), (200.3, 467.0), (280.3, 467.9), (360.3, 467.3), (440.3, 467.0), (520.3, 467.9), (600.3, 467.3)]",0,0.93
speedrunner,meatboy,6,Saw,3,0,565.0,0.469,"[(73.0, 461.0), (120.3, 457.3), (200.3, 450.2), (280.3, 462.0), (360.3, 467.9), (440.3, 467.3), (520.3, 452.5), (600.3, 452.6)]",0,0.93
speedrunner,meatboy,6,Saw,3,0,565.0,0.469,"[(73.0, 461.0), (120.3, 457.3), (200.3, 450.2), (280.3, 462.0), (360.3, 452.1), (440.3, 454.5), (520.3, 457.1), (600.3, 450.0)]",0,0.93
speedrunner,meatboy,6,Saw,3,0,565.0,0.469,"[(73.0, 461.0), (120.3, 457.3), (200.3, 450.2), (280.3, 462.0), (360.3, 452.1), (440.3, 454.5), (520.3, 457.1), (600.3, 450.0)]",0,0.93
speedrunner,meatboy,6,Saw,1,0,565.0,0.469,"[(73.0, 461.0), (120.3, 467.3), (200.3, 467.0), (280.3, 467.9), (360.3, 467.3), (440.3, 467.0), (520.3, 467.9), (600.3, 467.3)]",0,0.93
speedrunner,meatboy,6,Saw,3,0,565.0,0.469,"[(73.0, 461.0), (120.3, 457.3), (200.3, 450.2), (280.3, 462.0), (360.3, 452.1), (440.3, 454.5), (520.3, 457.1), (600.3, 450.0)]",0,0.93
speedrunner,meatboy,6,Saw,1,0,565.0,0.469,"[(73.0, 461.0), (120.3, 457.3), (200.3, 450.2), (280.3, 462.0), (360.3, 467.9), (440.3, 467.3), (520.3, 467.0), (600.3, 467.9)]",0,0.93
speedrunner,meatboy,6,Saw,1,0,565.0,0.469,"[(73.0, 461.0), (120.3, 457.3), (200.3, 450.2), (280.3, 462.0), (360.3, 467.9), (440.3, 467.3), (520.3, 467.0), (600.3, 467.9)]",0,0.93
speedrunner,meatboy,6,Saw,3,0,565.0,0.469,"[(73.0, 461.0), (120.3, 457.3), (200.3, 450.2), (280.3, 462.0), (360.3, 452.1), (440.3, 454.5), (520.3, 457.1), (600.3, 450.0)]",0,0.93
speedrunner,meatboy,6,Saw,1,0,565.0,0.469,"[(73.0, 461.0), (120.3, 467.3), (200.3, 467.0), (280.3, 467.9), (360.3, 467.3), (440.3, 467.0), (520.3, 467.9), (600.3, 467.3)]",0,0.93
speedrunner,meatboy,6,Saw,3,0,565.0,0.469,"[(73.0, 461.0), (120.3, 457.3), (200.3, 450.2), (280.3, 462.0), (360.3, 452.1), (440.3, 454.5), (520.3, 457.1), (600.3, 450.0)]",0,0.93
speedrunner,meatboy,6,Saw,4,0,565.0,0.469,"[(73.0, 461.0), (120.3, 457.3), (200.3, 450.2), (280.3, 462.0), (360.3, 452.1), (440.3, 454.5), (520.3, 457.1), (600.3, 450.0)]",0,0.93
speedrunner,meatboy,6,Saw,0,0,565.0,0.469,"[(73.0, 461.0), (120.3, 467.3), (200.3, 467.0), (280.3, 467.9), (360.3, 467.3), (440.3, 467.0), (520.3, 467.9), (600.3, 467.3)]",0,0.93
speedrunner,meatboy,6,Saw,0,0,565.0,0.469,"[(73.0, 461.0), (120.3, 467.3), (200.3, 467.0), (280.3, 467.9), (360.3, 467.3), (440.3, 467.0), (520.3, 467.9), (600.3, 467.3)]",0,0.93
speedrunner,meatboy,6,Saw,4,0,565.0,0.469,"[(73.0, 461.0), (120.3, 457.3), (200.3, 450.2), (280.3, 462.0), (360.3, 452.1), (440.3, 454.5), (520.3, 457.1), (600.3, 450.0)]",0,0.93
speedrunner,meatboy,6,Saw,2,0,565.0,0.469,"[(73.0, 461.0), (120.3, 457.3), (200.3, 450.2), (280.3, 462.0), (360.3, 467.9), (440.3, 467.3), (520.3, 467.0), (600.3, 456.1)]",0,0.93
speedrunner,meatboy,6,Saw,2,0,565.0,0.469,"[(73.0, 461.0), (120.3, 457.3), (200.3, 450.2), (280.3, 462.0), (360.3, 467.9), (440.3, 467.3), (520.3, 457.4), (600.3, 450.3)]",0,0.93
speedrunner,meatboy,6,Saw,2,0,565.0,0.469,"[(73.0, 461.0), (120.3, 457.3), (200.3, 450.2), (280.3, 462.0), (360.3, 467.9), (440.3, 467.3), (520.3, 457.4), (600.3, 450.3)]",0,0.93
speedrunner,meatboy,6,Saw,2,0,565.0,0.469,"[(73.0, 461.0), (120.3, 457.3), (200.3, 450.2), (280.3, 462.0), (360.3, 467.9), (440.3, 467.3), (520.3, 467.0), (600.3, 456.1)]",0,0.93
speedrunner,meatboy,6,Saw,4,0,565.0,0.469,"[(73.0, 461.0), (120.3, 457.3), (200.3, 450.2), (280.3, 462.0), (360.3, 452.1), (440.3, 454.5), (520.3, 457.1), (600.3, 450.0)]",0,0.93
speedrunner,meatboy,6,Saw,0,0,565.0,0.469,"[(73.0, 461.0), (120.3, 467.3), (200.3, 467.0), (280.3, 467.9), (360.3, 467.3), (440.3, 467.0), (520.3, 467.9), (600.3, 467.3)]",0,0.93
speedrunner,meatboy,6,Saw,3,0,565.0,0.469,"[(73.0, 461.0), (120.3, 457.3), (200.3, 450.2), (280.3, 462.0), (360.3, 452.1), (440.3, 454.5), (520.3, 457.1), (600.3, 450.0)]",0,0.93
speedrunner,meatboy,6,Saw,3,0,565.0,0.469,"[(73.0, 461.0), (120.3, 457.3), (200.3, 450.2), (280.3, 462.0), (360.3, 452.1), (440.3, 454.5), (520.3, 457.1), (600.3, 450.0)]",0,0.93
speedrunner,meatboy,6,Saw,0,0,565.0,0.469,"[(73.0, 461.0), (120.3, 467.3), (200.3, 467.0), (280.3, 467.9), (360.3, 467.3), (440.3, 467.0), (520.3, 467.9), (600.3, 467.3)]",0,0.93
speedrunner,meatboy,6,Saw,0,0,565.0,0.469,"[(73.0, 461.0), (120.3, 467.3), (200.3, 467.0), (280.3, 467.9), (360.3, 467.3), (440.3, 467.0), (520.3, 467.9), (600.3, 467.3)]",0,0.93
speedrunner,meatboy,6,Saw,3,0,565.0,0.469,"[(73.0, 461.0), (120.3, 457.3), (200.3, 450.2), (280.3, 462.0), (360.3, 452.1), (440.3, 454.5), (520.3, 459.6), (600.3, 450.2)]",0,0.93
speedrunner,meatboy,6,Saw,3,0,565.0,0.469,"[(73.0, 461.0), (120.3, 457.3), (200.3, 450.2), (280.3, 462.0), (360.3, 452.1), (440.3, 454.5), (520.3, 457.1), (600.3, 450.0)]",0,0.93
speedrunner,meatboy,6,Saw,3,0,565.0,0.469,"[(73.0, 461.0), (120.3, 457.3), (200.3, 450.2), (280.3, 462.0), (360.3, 452.1), (440.3, 454.5), (520.3, 457.1), (600.3, 450.0)]",0,0.93
speedrunner,meatboy,6,Saw,3,0,565.0,0.469,"[(73.0, 461.0), (120.3, 457.3), (200.3, 450.2), (280.3, 462.0), (360.3, 452.1), (440.3, 454.5), (520.3, 459.6), (600.3, 450.2)]",0,0.93
speedrunner,meatboy,6,Saw,0,0,565.0,0.469,"[(73.0, 461.0), (120.3, 467.3), (200.3, 467.0), (280.3, 467.9), (360.3, 467.3), (440.3, 467.0), (520.3, 467.9), (600.3, 467.3)]",0,0.93
speedrunner,meatboy,6,Saw,0,0,565.0,0.469,"[(73.0, 461.0), (120.3, 467.3), (200.3, 467.0), (280.3, 467.9), (360.3, 467.3), (440.3, 467.0), (520.3, 467.9), (600.3, 467.3)]",0,0.93
speedrunner,meatboy,6,Saw,0,0,565.0,0.469,"[(73.0, 461.0), (120.3, 467.3), (200.3, 467.0), (280.3, 467.9), (360.3, 467.3), (440.3, 467.0), (520.3, 467.9), (600.3, 467.3)]",0,0.93
speedrunner,meatboy,6,Saw,3,0,565.0,0.469,"[(73.0, 461.0), (120.3, 457.3), (200.3, 450.2), (280.3, 462.0), (360.3, 452.1), (440.3, 454.5), (520.3, 457.1), (600.3, 450.0)]",0,0.93
speedrunner,meatboy,6,Saw,3,0,565.0,0.469,"[(73.0, 461.0), (120.3, 457.3), (200.3, 450.2), (280.3, 462.0), (360.3, 452.1), (440.3, 454.5), (520.3, 457.1), (600.3, 450.0)]",0,0.93
speedrunner,meatboy,6,Saw,1,0,565.0,0.469,"[(73.0, 461.0), (120.3, 457.3), (200.3, 450.2), (280.3, 462.0), (360.3, 467.9), (440.3, 467.3), (520.3, 467.0), (600.3, 467.9)]",0,0.93
speedrunner,meatboy,6,Saw,1,0,565.0,0.469,"[(73.0, 461.0), (120.3, 467.3), (200.3, 467.0), (280.3, 467.9), (360.3, 467.3), (440.3, 467.0), (520.3, 467.9), (600.3, 467.3)]",0,0.93
speedrunner,meatboy,6,Saw,2,0,565.0,0.469,"[(73.0, 461.0), (120.3, 457.3), (200.3, 450.2), (280.3, 462.0), (360.3, 452.1), (440.3, 454.5), (520.3, 467.9), (600.3, 467.3)]",0,0.93
speedrunner,meatboy,6,Saw,2,0,565.0,0.469,"[(73.0, 461.0), (120.3, 457.3), (200.3, 450.2), (280.3, 462.0), (360.3, 452.1), (440.3, 454.5), (520.3, 467.9), (600.3, 467.3)]",0,0.93
speedrunner,meatboy,6,Saw,1,0,565.0,0.469,"[(73.0, 461.0), (120.3, 467.3), (200.3, 467.0), (280.3, 467.9), (360.3, 467.3), (440.3, 467.0), (520.3, 467.9), (600.3, 467.3)]",0,0.93
speedrunner,meatboy,6,Saw,1,0,565.0,0.469,"[(73.0, 461.0), (120.3, 457.3), (200.3, 450.2), (280.3, 462.0), (360.3, 467.9), (440.3, 467.3), (520.3, 467.0), (600.3, 467.9)]",0,0.93
speedrunner,meatboy,6,Saw,3,0,565.0,0.469,"[(73.0, 461.0), (120.3, 457.3), (200.3, 450.2), (280.3, 462.0), (360.3, 452.1), (440.3, 454.5), (520.3, 457.1), (600.3, 450.0)]",0,0.93
speedrunner,meatboy,6,Saw,3,0,565.0,0.469,"[(73.0, 461.0), (120.3, 457.3), (200.3, 450.2), (280.3, 462.0), (360.3, 452.1), (440.3, 454.5), (520.3, 457.1), (600.3, 450.0)]",0,0.93
speedrunner,meatboy,6,Saw,1,0,565.0,0.469,"[(73.0, 461.0), (120.3, 457.3), (200.3, 450.2), (280.3, 462.0), (360.3, 467.9), (440.3, 467.3), (520.3, 467.0), (600.3, 467.9)]",0,0.93
speedrunner,meatboy,6,Saw,3,0,565.0,0.469,"[(73.0, 461.0), (120.3, 457.3), (200.3, 450.2), (280.3, 462.0), (360.3, 452.1), (440.3, 454.5), (520.3, 457.1), (600.3, 450.0)]",0,0.93
speedrunner,meatboy,6,Saw,1,0,565.0,0.469,"[(73.0, 461.0), (120.3, 457.3), (200.3, 450.2), (280.3, 462.0), (360.3, 467.9), (440.3, 467.3), (520.3, 467.0), (600.3, 467.9)]",0,0.93
speedrunner,meatboy,6,Saw,0,0,565.0,0.469,"[(73.0, 461.0), (120.3, 467.3), (200.3, 467.0), (280.3, 467.9), (360.3, 467.3), (440.3, 467.0), (520.3, 467.9), (600.3, 467.3)]",0,0.93
speedrunner,meatboy,6,Saw,4,0,565.0,0.469,"[(73.0, 461.0), (120.3, 452.1), (200.3, 429.3), (280.3, 437.2), (360.3, 464.3), (440.3, 450.5), (520.3, 455.2), (600.3, 455.9)]",0,0.93
speedrunner,meatboy,6,Saw,4,0,565.0,0.469,"[(73.0, 461.0), (120.3, 452.1), (200.3, 429.3), (280.3, 437.2), (360.3, 464.3), (440.3, 450.5), (520.3, 455.2), (600.3, 455.9)]",0,0.93
speedrunner,meatboy,6,Saw,0,0,565.0,0.469,"[(73.0, 461.0), (120.3, 467.3), (200.3, 467.0), (280.3, 467.9), (360.3, 467.3), (440.3, 467.0), (520.3, 467.9), (600.3, 467.3)]",0,0.93
speedrunner,meatboy,6,Saw,1,0,565.0,0.469,"[(73.0, 461.0), (120.3, 457.3), (200.3, 450.2), (280.3, 462.0), (360.3, 467.9), (440.3, 467.3), (520.3, 467.0), (600.3, 467.9)]",0,0.93
speedrunner,meatboy,6,Saw,3,0,565.0,0.469,"[(73.0, 461.0), (120.3, 457.3), (200.3, 450.2), (280.3, 462.0), (360.3, 452.1), (440.3, 454.5), (520.3, 457.1), (600.3, 450.0)]",0,0.93
speedrunner,meatboy,6,Saw,2,0,565.0,0.469,"[(73.0, 461.0), (120.3, 457.3), (200.3, 450.2), (280.3, 462.0), (360.3, 467.9), (440.3, 467.3), (520.3, 467.0), (600.3, 450.8)]",0,0.93
speedrunner,meatboy,6,Saw,0,0,565.0,0.469,"[(73.0, 461.0), (120.3, 467.3), (200.3, 467.0), (280.3, 467.9), (360.3, 467.3), (440.3, 467.0), (520.3, 467.9), (600.3, 467.3)]",0,0.93
speedrunner,meatboy,6,Saw,3,0,565.0,0.469,"[(73.0, 461.0), (120.3, 457.3), (200.3, 450.2), (280.3, 462.0), (360.3, 452.1), (440.3, 454.5), (520.3, 457.1), (600.3, 450.0)]",0,0.93
speedrunner,meatboy,6,Saw,4,0,565.0,0.469,"[(73.0, 461.0), (120.3, 452.1), (200.3, 435.7), (280.3, 442.8), (360.3, 467.0), (440.3, 450.0), (520.3, 457.1), (600.3, 438.7)]",0,0.93
speedrunner,meatboy,6,Saw,1,0,565.0,0.469,"[(73.0, 461.0), (120.3, 457.3), (200.3, 450.2), (280.3, 462.0), (360.3, 467.9), (440.3, 467.3), (520.3, 467.0), (600.3, 467.9)]",0,0.93
speedrunner,meatboy,6,Saw,3,0,565.0,0.469,"[(73.0, 461.0), (120.3, 457.3), (200.3, 450.2), (280.3, 462.0), (360.3, 452.1), (440.3, 454.5), (520.3, 457.1), (600.3, 450.0)]",0,0.93
speedrunner,meatboy,6,Saw,3,0,565.0,0.469,"[(73.0, 461.0), (120.3, 457.3), (200.3, 450.2), (280.3, 462.0), (360.3, 452.1), (440.3, 454.5), (520.3, 457.1), (600.3, 450.0)]",0,0.93
speedrunner,meatboy,6,Saw,1,0,565.0,0.469,"[(73.0, 461.0), (120.3, 457.3), (200.3, 450.2), (280.3, 462.0), (360.3, 467.9), (440.3, 467.3), (520.3, 467.0), (600.3, 467.9)]",0,0.93
speedrunner,meatboy,6,Saw,4,0,565.0,0.469,"[(73.0, 461.0), (120.3, 452.1), (200.3, 435.7), (280.3, 442.8), (360.3, 467.0), (440.3, 450.0), (520.3, 457.1), (600.3, 438.7)]",0,0.93
speedrunner,meatboy,6,Saw,3,0,565.0,0.469,"[(73.0, 461.0), (120.3, 457.3), (200.3, 450.2), (280.3, 462.0), (360.3, 452.1), (440.3, 454.5), (520.3, 457.1), (600.3, 450.0)]",0,0.93
speedrunner,meatboy,6,Saw,1,0,565.0,0.469,"[(73.0, 461.0), (120.3, 457.3), (200.3, 450.2), (280.3, 462.0), (360.3, 467.9), (440.3, 467.3), (520.3, 467.0), (600.3, 467.9)]",0,0.93
speedrunner,meatboy,6,Saw,0,0,565.0,0.469,"[(73.0, 461.0), (120.3, 467.3), (200.3, 467.0), (280.3, 467.9), (360.3, 467.3), (440.3, 467.0), (520.3, 467.9), (600.3, 467.3)]",0,0.93
speedrunner,meatboy,6,Saw,1,0,565.0,0.469,"[(73.0, 461.0), (120.3, 467.3), (200.3, 467.0), (280.3, 467.9), (360.3, 467.3), (440.3, 467.0), (520.3, 467.9), (600.3, 467.3)]",0,0.93
speedrunner,meatboy,6,Saw,0,0,565.0,0.469,"[(73.0, 461.0), (120.3, 467.3), (200.3, 467.0), (280.3, 467.9), (360.3, 467.3), (440.3, 467.0), (520.3, 467.9), (600.3, 467.3)]",0,0.93
speedrunner,meatboy,6,Saw,2,0,565.0,0.469,"[(73.0, 461.0), (120.3, 457.3), (200.3, 450.2), (280.3, 462.0), (360.3, 467.9), (440.3, 467.3), (520.3, 467.0), (600.3, 456.1)]",0,0.93
speedrunner,meatboy,6,Saw,1,0,565.0,0.469,"[(73.0, 461.0), (120.3, 467.3), (200.3, 467.0), (280.3, 467.9), (360.3, 467.3), (440.3, 467.0), (520.3, 467.9), (600.3, 467.3)]",0,0.93
speedrunner,meatboy,6,Saw,1,0,565.0,0.469,"[(73.0, 461.0), (120.3, 467.3), (200.3, 467.0), (280.3, 467.9), (360.3, 467.3), (440.3, 467.0), (520.3, 467.9), (600.3, 467.3)]",0,0.93
speedrunner,meatboy,6,Saw,2,0,565.0,0.469,"[(73.0, 461.0), (120.3, 457.3), (200.3, 450.2), (280.3, 462.0), (360.3, 467.9), (440.3, 467.3), (520.3, 467.0), (600.3, 456.1)]",0,0.93
speedrunner,meatboy,6,Saw,0,0,565.0,0.469,"[(73.0, 461.0), (120.3, 467.3), (200.3, 467.0), (280.3, 467.9), (360.3, 467.3), (440.3, 467.0), (520.3, 467.9), (600.3, 467.3)]",0,0.93
speedrunner,meatboy,6,Saw,1,0,565.0,0.469,"[(73.0, 461.0), (120.3, 467.3), (200.3, 467.0), (280.3, 467.9), (360.3, 467.3), (440.3, 467.0), (520.3, 467.9), (600.3, 467.3)]",0,0.93
speedrunner,meatboy,6,Saw,1,0,565.0,0.469,"[(73.0, 461.0), (120.3, 457.3), (200.3, 450.2), (280.3, 462.0), (360.3, 467.9), (440.3, 467.3), (520.3, 467.0), (600.3, 467.9)]",0,0.93
speedrunner,meatboy,6,Saw,3,0,565.0,0.469,"[(73.0, 461.0), (120.3, 457.3), (200.3, 450.2), (280.3, 462.0), (360.3, 452.1), (440.3, 454.5), (520.3, 457.1), (600.3, 450.0)]",0,0.93
speedrunner,meatboy,6,Saw,0,0,565.0,0.469,"[(73.0, 461.0), (120.3, 467.3), (200.3, 467.0), (280.3, 467.9), (360.3, 467.3), (440.3, 467.0), (520.3, 467.9), (600.3, 467.3)]",0,0.93
speedrunner,meatboy,6,Saw,2,0,565.0,0.469,"[(73.0, 461.0), (120.3, 467.3), (200.3, 467.0), (280.3, 467.9), (360.3, 450.5), (440.3, 455.2), (520.3, 467.9), (600.3, 467.3)]",0,0.93
speedrunner,meatboy,6,Saw,3,0,565.0,0.469,"[(73.0, 461.0), (120.3, 457.3), (200.3, 450.2), (280.3, 462.0), (360.3, 452.1), (440.3, 454.5), (520.3, 457.1), (600.3, 450.0)]",0,0.93
speedrunner,meatboy,6,Saw,1,0,565.0,0.469,"[(73.0, 461.0), (120.3, 457.3), (200.3, 450.2), (280.3, 462.0), (360.3, 467.9), (440.3, 467.3), (520.3, 467.0), (600.3, 467.9)]",0,0.93
speedrunner,meatboy,6,Saw,1,0,565.0,0.469,"[(73.0, 461.0), (120.3, 457.3), (200.3, 450.2), (280.3, 462.0), (360.3, 467.9), (440.3, 467.3), (520.3, 467.0), (600.3, 467.9)]",0,0.93
speedrunner,meatboy,6,Saw,3,0,565.0,0.469,"[(73.0, 461.0), (120.3, 457.3), (200.3, 450.2), (280.3, 462.0), (360.3, 452.1), (440.3, 454.5), (520.3, 457.1), (600.3, 450.0)]",0,0.93
speedrunner,meatboy,6,Saw,2,0,565.0,0.469,"[(73.0, 461.0), (120.3, 467.3), (200.3, 467.0), (280.3, 467.9), (360.3, 450.5), (440.3, 455.2), (520.3, 467.9), (600.3, 467.3)]",0,0.93
speedrunner,meatboy,6,Saw,0,0,565.0,0.469,"[(73.0, 461.0), (120.3, 467.3), (200.3, 467.0), (280.3, 467.9), (360.3, 467.3), (440.3, 467.0), (520.3, 467.9), (600.3, 467.3)]",0,0.93
speedrunner,meatboy,6,Saw,2,0,565.0,0.469,"[(73.0, 461.0), (120.3, 457.3), (200.3, 450.2), (280.3, 462.0), (360.3, 452.1), (440.3, 454.5), (520.3, 467.9), (600.3, 467.3)]",0,0.93
speedrunner,meatboy,6,Saw,1,0,565.0,0.469,"[(73.0, 461.0), (120.3, 457.3), (200.3, 450.2), (280.3, 462.0), (360.3, 467.9), (440.3, 467.3), (520.3, 467.0), (600.3, 467.9)]",0,0.93
speedrunner,meatboy,6,Saw,4,0,565.0,0.469,"[(73.0, 461.0), (120.3, 457.3), (200.3, 450.2), (280.3, 462.0), (360.3, 452.1), (440.3, 454.5), (520.3, 457.1), (600.3, 450.0)]",0,0.93
speedrunner,meatboy,6,Saw,1,0,565.0,0.469,"[(73.0, 461.0), (120.3, 467.3), (200.3, 467.0), (280.3, 467.9), (360.3, 467.3), (440.3, 467.0), (520.3, 467.9), (600.3, 467.3)]",0,0.93
speedrunner,meatboy,6,Saw,3,0,565.0,0.469,"[(73.0, 461.0), (120.3, 457.3), (200.3, 450.2), (280.3, 462.0), (360.3, 452.1), (440.3, 454.5), (520.3, 467.9), (600.3, 467.3)]",0,0.93
speedrunner,meatboy,6,Saw,4,0,565.0,0.469,"[(73.0, 461.0), (120.3, 457.3), (200.3, 450.2), (280.3, 462.0), (360.3, 452.1), (440.3, 454.5), (520.3, 457.1), (600.3, 450.0)]",0,0.93
speedrunner,meatboy,6,Saw,4,0,565.0,0.469,"[(73.0, 461.0), (120.3, 457.3), (200.3, 450.2), (280.3, 462.0), (360.3, 452.1), (440.3, 454.5), (520.3, 457.1), (600.3, 450.0)]",0,0.93
speedrunner,meatboy,6,Saw,3,0,565.0,0.469,"[(73.0, 461.0), (120.3, 457.3), (200.3, 450.2), (280.3, 462.0), (360.3, 452.1), (440.3, 454.5), (520.3, 467.9), (600.3, 467.3)]",0,0.93
speedrunner,meatboy,6,Saw,1,0,565.0,0.469,"[(73.0, 461.0), (120.3, 467.3), (200.3, 467.0), (280.3, 467.9), (360.3, 467.3), (440.3, 467.0), (520.3, 467.9), (600.3, 467.3)]",0,0.93
speedrunner,meatboy,6,Saw,4,0,565.0,0.469,"[(73.0, 461.0), (120.3, 457.3), (200.3, 450.2), (280.3, 462.0), (360.3, 452.1), (440.3, 454.5), (520.3, 457.1), (600.3, 450.0)]",0,0.93
speedrunner,meatboy,6,Saw,0,0,565.0,0.469,"[(73.0, 461.0), (120.3, 467.3), (200.3, 467.0), (280.3, 467.9), (360.3, 467.3), (440.3, 467.0), (520.3, 467.9), (600.3, 467.3)]",0,0.93
speedrunner,meatboy,6,Saw,1,0,565.0,0.469,"[(73.0, 461.0), (120.3, 467.3), (200.3, 467.0), (280.3, 467.9), (360.3, 467.3), (440.3, 467.0), (520.3, 467.9), (600.3, 467.3)]",0,0.93
speedrunner,meatboy,6,Saw,1,0,565.0,0.469,"[(73.0, 461.0), (120.3, 457.3), (200.3, 450.2), (280.3, 462.0), (360.3, 467.9), (440.3, 467.3), (520.3, 467.0), (600.3, 467.9)]",0,0.93
speedrunner,meatboy,6,Saw,1,0,565.0,0.469,"[(73.0, 461.0), (120.3, 467.3), (200.3, 467.0), (280.3, 467.9), (360.3, 467.3), (440.3, 467.0), (520.3, 467.9), (600.3, 467.3)]",0,0.93
speedrunner,meatboy,6,Saw,1,0,565.0,0.469,"[(73.0, 461.0), (120.3, 457.3), (200.3, 450.2), (280.3, 462.0), (360.3, 467.9), (440.3, 467.3), (520.3, 467.0), (600.3, 467.9)]",0,0.93
speedrunner,meatboy,6,Saw,3,0,565.0,0.469,"[(73.0, 461.0), (120.3, 452.1), (200.3, 442.7), (280.3, 452.1), (360.3, 455.8), (440.3, 451.1), (520.3, 465.2), (600.3, 450.5)]",0,0.93
speedrunner,meatboy,6,Saw,3,0,565.0,0.469,"[(73.0, 461.0), (120.3, 452.1), (200.3, 442.7), (280.3, 452.1), (360.3, 455.8), (440.3, 451.1), (520.3, 465.2), (600.3, 450.5)]",0,0.93
speedrunner,meatboy,6,Saw,1,0,565.0,0.469,"[(73.0, 461.0), (120.3, 457.3), (200.3, 450.2), (280.3, 462.0), (360.3, 467.9), (440.3, 467.3), (520.3, 467.0), (600.3, 467.9)]",0,0.93
speedrunner,meatboy,6,Saw,1,0,565.0,0.469,"[(73.0, 461.0), (120.3, 467.3), (200.3, 467.0), (280.3, 467.9), (360.3, 467.3), (440.3, 467.0), (520.3, 467.9), (600.3, 467.3)]",0,0.93
speedrunner,meatboy,6,Saw,1,0,565.0,0.469,"[(73.0, 461.0), (120.3, 457.3), (200.3, 450.2), (280.3, 462.0), (360.3, 467.9), (440.3, 467.3), (520.3, 467.0), (600.3, 467.9)]",0,0.93
speedrunner,meatboy,6,Saw,1,0,565.0,0.469,"[(73.0, 461.0), (120.3, 457.3), (200.3, 450.2), (280.3, 462.0), (360.3, 467.9), (440.3, 467.3), (520.3, 467.0), (600.3, 467.9)]",0,0.93
speedrunner,meatboy,6,Saw,1,0,565.0,0.469,"[(73.0, 461.0), (120.3, 457.3), (200.3, 450.2), (280.3, 462.0), (360.3, 467.9), (440.3, 467.3), (520.3, 467.0), (600.3, 467.9)]",0,0.93
speedrunner,meatboy,6,Saw,1,0,565.0,0.469,"[(73.0, 461.0), (120.3, 457.3), (200.3, 450.2), (280.3, 462.0), (360.3, 467.9), (440.3, 467.3), (520.3, 467.0), (600.3, 467.9)]",0,0.93
speedrunner,meatboy,6,Saw,1,0,565.0,0.469,"[(73.0, 461.0), (120.3, 467.3), (200.3, 467.0), (280.3, 467.9), (360.3, 467.3), (440.3, 467.0), (520.3, 467.9), (600.3, 467.3)]",0,0.93
speedrunner,meatboy,6,Saw,1,0,565.0,0.469,"[(73.0, 461.0), (120.3, 457.3), (200.3, 450.2), (280.3, 462.0), (360.3, 467.9), (440.3, 467.3), (520.3, 467.0), (600.3, 467.9)]",0,0.93
speedrunner,meatboy,6,Saw,2,0,565.0,0.469,"[(73.0, 461.0), (120.3, 467.3), (200.3, 467.0), (280.3, 467.9), (360.3, 467.3), (440.3, 467.0), (520.3, 467.9), (600.3, 455.5)]",0,0.93
speedrunner,meatboy,6,Saw,2,0,565.0,0.469,"[(73.0, 461.0), (120.3, 467.3), (200.3, 467.0), (280.3, 467.9), (360.3, 467.3), (440.3, 467.0), (520.3, 467.9), (600.3, 455.5)]",0,0.93
speedrunner,meatboy,6,Saw,1,0,565.0,0.469,"[(73.0, 461.0), (120.3, 457.3), (200.3, 450.2), (280.3, 462.0), (360.3, 467.9), (440.3, 467.3), (520.3, 467.0), (600.3, 467.9)]",0,0.93
speedrunner,meatboy,6,Saw,1,0,565.0,0.469,"[(73.0, 461.0), (120.3, 467.3), (200.3, 467.0), (280.3, 467.9), (360.3, 467.3), (440.3, 467.0), (520.3, 467.9), (600.3, 467.3)]",0,0.93
speedrunner,meatboy,6,Saw,1,0,565.0,0.469,"[(73.0, 461.0), (120.3, 457.3), (200.3, 450.2), (280.3, 462.0), (360.3, 467.9), (440.3, 467.3), (520.3, 467.0), (600.3, 467.9)]",0,0.93
speedrunner,meatboy,6,Saw,1,0,565.0,0.469,"[(73.0, 461.0), (120.3, 467.3), (200.3, 467.0), (280.3, 467.9), (360.3, 467.3), (440.3, 467.0), (520.3, 467.9), (600.3, 467.3)]",0,0.93
speedrunner,meatboy,6,Saw,3,0,565.0,0.469,"[(73.0, 461.0), (120.3, 457.3), (200.3, 450.2), (280.3, 462.0), (360.3, 452.1), (440.3, 454.5), (520.3, 467.9), (600.3, 467.3)]",0,0.93
speedrunner,meatboy,6,Saw,0,0,565.0,0.469,"[(73.0, 461.0), (120.3, 467.3), (200.3, 467.0), (280.3, 467.9), (360.3, 467.3), (440.3, 467.0), (520.3, 467.9), (600.3, 467.3)]",0,0.93
speedrunner,meatboy,6,Saw,2,0,565.0,0.469,"[(73.0, 461.0), (120.3, 457.3), (200.3, 450.2), (280.3, 462.0), (360.3, 452.1), (440.3, 454.5), (520.3, 467.9), (600.3, 467.3)]",0,0.93
speedrunner,meatboy,6,Saw,2,0,565.0,0.469,"[(73.0, 461.0), (120.3, 457.3), (200.3, 450.2), (280.3, 462.0), (360.3, 452.1), (440.3, 454.5), (520.3, 467.9), (600.3, 467.3)]",0,0.93
speedrunner,meatboy,6,Saw,2,0,565.0,0.469,"[(73.0, 461.0), (120.3, 457.3), (200.3, 450.2), (280.3, 462.0), (360.3, 467.9), (440.3, 467.3), (520.3, 467.0), (600.3, 467.9)]",0,0.93
speedrunner,meatboy,6,Saw,2,0,565.0,0.469,"[(73.0, 461.0), (120.3, 457.3), (200.3, 450.2), (280.3, 462.0), (360.3, 467.9), (440.3, 467.3), (520.3, 467.0), (600.3, 467.9)]",0,0.93
speedrunner,meatboy,6,Saw,2,0,565.0,0.469,"[(73.0, 461.0), (120.3, 457.3), (200.3, 450.2), (280.3, 462.0), (360.3, 452.1), (440.3, 454.5), (520.3, 467.9), (600.3, 467.3)]",0,0.93
speedrunner,meatboy,6,Saw,2,0,565.0,0.469,"[(73.0, 461.0), (120.3, 457.3), (200.3, 450.2), (280.3, 462.0), (360.3, 452.1), (440.3, 454.5), (520.3, 467.9), (600.3, 467.3)]",0,0.93
speedrunner,meatboy,6,Saw,0,0,565.0,0.469,"[(73.0, 461.0), (120.3, 467.3), (200.3, 467.0), (280.3, 467.9), (360.3, 467.3), (440.3, 467.0), (520.3, 467.9), (600.3, 467.3)]",0,0.93
speedrunner,meatboy,6,Saw,1,0,565.0,0.469,"[(73.0, 461.0), (120.3, 467.3), (200.3, 467.0), (280.3, 467.9), (360.3, 467.3), (440.3, 467.0), (520.3, 467.9), (600.3, 467.3)]",0,0.93
speedrunner,meatboy,6,Saw,3,0,565.0,0.469,"[(73.0, 461.0), (120.3, 452.1), (200.3, 442.7), (280.3, 452.1), (360.3, 455.8), (440.3, 451.1), (520.3, 465.2), (600.3, 450.5)]",0,0.93
speedrunner,meatboy,6,Saw,0,0,565.0,0.469,"[(73.0, 461.0), (120.3, 467.3), (200.3, 467.0), (280.3, 467.9), (360.3, 467.3), (440.3, 467.0), (520.3, 467.9), (600.3, 467.3)]",0,0.93
speedrunner,meatboy,6,Saw,3,0,565.0,0.469,"[(73.0, 461.0), (120.3, 457.3), (200.3, 450.2), (280.3, 462.0), (360.3, 452.1), (440.3, 454.5), (520.3, 467.9), (600.3, 467.3)]",0,0.93
speedrunner,meatboy,6,Saw,1,0,565.0,0.469,"[(73.0, 461.0), (120.3, 457.3), (200.3, 450.2), (280.3, 462.0), (360.3, 467.9), (440.3, 467.3), (520.3, 467.0), (600.3, 467.9)]",0,0.93
speedrunner,meatboy,6,Saw,1,0,565.0,0.469,"[(73.0, 461.0), (120.3, 457.3), (200.3, 450.2), (280.3, 462.0), (360.3, 467.9), (440.3, 467.3), (520.3, 467.0), (600.3, 467.9)]",0,0.93
speedrunner,meatboy,6,Saw,1,0,565.0,0.469,"[(73.0, 461.0), (120.3, 457.3), (200.3, 450.2), (280.3, 462.0), (360.3, 467.9), (440.3, 467.3), (520.3, 467.0), (600.3, 467.9)]",0,0.93
speedrunner,meatboy,6,Saw,1,0,565.0,0.469,"[(73.0, 461.0), (120.3, 457.3), (200.3, 450.2), (280.3, 462.0), (360.3, 467.9), (440.3, 467.3), (520.3, 467.0), (600.3, 467.9)]",0,0.93
speedrunner,meatboy,6,Saw,3,0,565.0,0.469,"[(73.0, 461.0), (120.3, 457.3), (200.3, 450.2), (280.3, 462.0), (360.3, 452.1), (440.3, 454.5), (520.3, 467.9), (600.3, 467.3)]",0,0.93
speedrunner,meatboy,6,Saw,0,0,565.0,0.469,"[(73.0, 461.0), (120.3, 467.3), (200.3, 467.0), (280.3, 467.9), (360.3, 467.3), (440.3, 467.0), (520.3, 467.9), (600.3, 467.3)]",0,0.93
speedrunner,meatboy,6,Saw,1,0,565.0,0.469,"[(73.0, 461.0), (120.3, 467.3), (200.3, 467.0), (280.3, 467.9), (360.3, 467.3), (440.3, 467.0), (520.3, 467.9), (600.3, 467.3)]",0,0.93
speedrunner,meatboy,6,Saw,0,0,565.0,0.469,"[(73.0, 461.0), (120.3, 467.3), (200.3, 467.0), (280.3, 467.9), (360.3, 467.3), (440.3, 467.0), (520.3, 467.9), (600.3, 467.3)]",0,0.93
speedrunner,meatboy,6,Saw,3,0,565.0,0.469,"[(73.0, 461.0), (120.3, 467.3), (200.3, 467.0), (280.3, 452.2), (360.3, 452.3), (440.3, 460.0), (520.3, 450.6), (600.3, 460.1)]",0,0.93
speedrunner,meatboy,6,Saw,1,0,565.0,0.469,"[(73.0, 461.0), (120.3, 457.3), (200.3, 450.2), (280.3, 462.0), (360.3, 467.9), (440.3, 467.3), (520.3, 467.0), (600.3, 467.9)]",0,0.93
speedrunner,meatboy,6,Saw,1,0,565.0,0.469,"[(73.0, 461.0), (120.3, 467.3), (200.3, 467.0), (280.3, 467.9), (360.3, 467.3), (440.3, 467.0), (520.3, 467.9), (600.3, 467.3)]",0,0.93
speedrunner,meatboy,6,Saw,2,0,565.0,0.469,"[(73.0, 461.0), (120.3, 457.3), (200.3, 450.2), (280.3, 462.0), (360.3, 467.9), (440.3, 467.3), (520.3, 467.0), (600.3, 467.9)]",0,0.93
speedrunner,meatboy,6,Saw,2,0,565.0,0.469,"[(73.0, 461.0), (120.3, 457.3), (200.3, 450.2), (280.3, 462.0), (360.3, 467.9), (440.3, 467.3), (520.3, 467.0), (600.3, 467.9)]",0,0.93
speedrunner,meatboy,6,Saw,1,0,565.0,0.469,"[(73.0, 461.0), (120.3, 467.3), (200.3, 467.0), (280.3, 467.9), (360.3, 467.3), (440.3, 467.0), (520.3, 467.9), (600.3, 467.3)]",0,0.93
speedrunner,meatboy,6,Saw,1,0,565.0,0.469,"[(73.0, 461.0), (120.3, 457.3), (200.3, 450.2), (280.3, 462.0), (360.3, 467.9), (440.3, 467.3), (520.3, 467.0), (600.3, 467.9)]",0,0.93
speedrunner,meatboy,6,Saw,3,0,565.0,0.469,"[(73.0, 461.0), (120.3, 467.3), (200.3, 467.0), (280.3, 452.2), (360.3, 452.3), (440.3, 460.0), (520.3, 450.6), (600.3, 460.1)]",0,0.93
speedrunner,meatboy,6,Saw,0,0,565.0,0.469,"[(73.0, 461.0), (120.3, 467.3), (200.3, 467.0), (280.3, 467.9), (360.3, 467.3), (440.3, 467.0), (520.3, 467.9), (600.3, 467.3)]",0,0.93
speedrunner,meatboy,6,Saw,3,0,565.0,0.469,"[(73.0, 461.0), (120.3, 467.3), (200.3, 467.0), (280.3, 452.2), (360.3, 452.3), (440.3, 460.0), (520.3, 450.6), (600.3, 460.1)]",0,0.93
speedrunner,meatboy,6,Saw,1,0,565.0,0.469,"[(73.0, 461.0), (120.3, 457.3), (200.3, 450.2), (280.3, 462.0), (360.3, 467.9), (440.3, 467.3), (520.3, 467.0), (600.3, 467.9)]",0,0.93
speedrunner,meatboy,6,Saw,0,0,565.0,0.469,"[(73.0, 461.0), (120.3, 467.3), (200.3, 467.0), (280.3, 467.9), (360.3, 467.3), (440.3, 467.0), (520.3, 467.9), (600.3, 467.3)]",0,0.93
speedrunner,meatboy,6,Saw,0,0,565.0,0.469,"[(73.0, 461.0), (120.3, 467.3), (200.3, 467.0), (280.3, 467.9), (360.3, 467.3), (440.3, 467.0), (520.3, 467.9), (600.3, 467.3)]",0,0.93
speedrunner,meatboy,6,Saw,2,0,565.0,0.469,"[(73.0, 461.0), (120.3, 457.3), (200.3, 450.2), (280.3, 462.0), (360.3, 467.9), (440.3, 467.3), (520.3, 467.0), (600.3, 467.9)]",0,0.93
speedrunner,meatboy,6,Saw,2,0,565.0,0.469,"[(73.0, 461.0), (120.3, 457.3), (200.3, 450.2), (280.3, 462.0), (360.3, 467.9), (440.3, 467.3), (520.3, 467.0), (600.3, 467.9)]",0,0.93
speedrunner,meatboy,6,Saw,0,0,565.0,0.469,"[(73.0, 461.0), (120.3, 467.3), (200.3, 467.0), (280.3, 467.9), (360.3, 467.3), (440.3, 467.0), (520.3, 467.9), (600.3, 467.3)]",0,0.93
speedrunner,meatboy,6,Saw,0,0,565.0,0.469,"[(73.0, 461.0), (120.3, 467.3), (200.3, 467.0), (280.3, 467.9), (360.3, 467.3), (440.3, 467.0), (520.3, 467.9), (600.3, 467.3)]",0,0.93
speedrunner,meatboy,6,Saw,1,0,565.0,0.469,"[(73.0, 461.0), (120.3, 457.3), (200.3, 450.2), (280.3, 462.0), (360.3, 467.9), (440.3, 467.3), (520.3, 467.0), (600.3, 467.9)]",0,0.93
speedrunner,meatboy,6,Saw,0,0,565.0,0.469,"[(73.0, 461.0), (120.3, 467.3), (200.3, 467.0), (280.3, 467.9), (360.3, 467.3), (440.3, 467.0), (520.3, 467.9), (600.3, 467.3)]",0,0.93
speedrunner,meatboy,6,Saw,2,0,565.0,0.469,"[(73.0, 461.0), (120.3, 457.3), (200.3, 450.2), (280.3, 462.0), (360.3, 467.9), (440.3, 467.3), (520.3, 467.0), (600.3, 467.9)]",0,0.93
speedrunner,meatboy,6,Saw,0,0,565.0,0.469,"[(73.0, 461.0), (120.3, 467.3), (200.3, 467.0), (280.3, 467.9), (360.3, 467.3), (440.3, 467.0), (520.3, 467.9), (600.3, 467.3)]",0,0.93
speedrunner,meatboy,6,Saw,1,0,565.0,0.469,"[(73.0, 461.0), (120.3, 467.3), (200.3, 467.0), (280.3, 467.9), (360.3, 467.3), (440.3, 467.0), (520.3, 467.9), (600.3, 467.3)]",0,0.93
speedrunner,meatboy,6,Saw,3,0,565.0,0.469,"[(73.0, 461.0), (120.3, 467.3), (200.3, 467.0), (280.3, 452.2), (360.3, 452.3), (440.3, 460.0), (520.3, 450.6), (600.3, 460.1)]",0,0.93
speedrunner,meatboy,6,Saw,0,0,565.0,0.469,"[(73.0, 461.0), (120.3, 467.3), (200.3, 467.0), (280.3, 467.9), (360.3, 467.3), (440.3, 467.0), (520.3, 467.9), (600.3, 467.3)]",0,0.93
speedrunner,meatboy,6,Saw,0,0,565.0,0.469,"[(73.0, 461.0), (120.3, 467.3), (200.3, 467.0), (280.3, 467.9), (360.3, 467.3), (440.3, 467.0), (520.3, 467.9), (600.3, 467.3)]",0,0.93
speedrunner,meatboy,6,Saw,3,0,565.0,0.469,"[(73.0, 461.0), (120.3, 467.3), (200.3, 467.0), (280.3, 452.2), (360.3, 452.3), (440.3, 460.0), (520.3, 450.6), (600.3, 460.1)]",0,0.93
speedrunner,meatboy,6,Saw,1,0,565.0,0.469,"[(73.0, 461.0), (120.3, 467.3), (200.3, 467.0), (280.3, 467.9), (360.3, 467.3), (440.3, 467.0), (520.3, 467.9), (600.3, 467.3)]",0,0.93
speedrunner,meatboy,6,Saw,0,0,565.0,0.469,"[(73.0, 461.0), (120.3, 467.3), (200.3, 467.0), (280.3, 467.9), (360.3, 467.3), (440.3, 467.0), (520.3, 467.9), (600.3, 467.3)]",0,0.93
speedrunner,meatboy,6,Saw,1,0,565.0,0.469,"[(73.0, 461.0), (120.3, 457.3), (200.3, 450.2), (280.3, 462.0), (360.3, 467.9), (440.3, 467.3), (520.3, 467.0), (600.3, 467.9)]",0,0.93
speedrunner,meatboy,6,Saw,1,0,565.0,0.469,"[(73.0, 461.0), (120.3, 467.3), (200.3, 467.0), (280.3, 467.9), (360.3, 467.3), (440.3, 467.0), (520.3, 467.9), (600.3, 467.3)]",0,0.93
speedrunner,meatboy,6,Saw,1,0,565.0,0.469,"[(73.0, 461.0), (120.3, 457.3), (200.3, 450.2), (280.3, 462.0), (360.3, 467.9), (440.3, 467.3), (520.3, 467.0), (600.3, 467.9)]",0,0.93
speedrunner,meatboy,6,Saw,0,0,565.0,0.469,"[(73.0, 461.0), (120.3, 467.3), (200.3, 467.0), (280.3, 467.9), (360.3, 467.3), (440.3, 467.0), (520.3, 467.9), (600.3, 467.3)]",0,0.93
speedrunner,meatboy,6,Saw,0,0,565.0,0.469,"[(73.0, 461.0), (120.3, 467.3), (200.3, 467.0), (280.3, 467.9), (360.3, 467.3), (440.3, 467.0), (520.3, 467.9), (600.3, 467.3)]",0,0.93
speedrunner,meatboy,6,Saw,3,0,565.0,0.469,"[(73.0, 461.0), (120.3, 467.3), (200.3, 467.0), (280.3, 467.9), (360.3, 450.5), (440.3, 455.2), (520.3, 455.9), (600.3, 451.2)]",0,0.93
speedrunner,meatboy,6,Saw,3,0,565.0,0.469,"[(73.0, 461.0), (120.3, 467.3), (200.3, 467.0), (280.3, 467.9), (360.3, 450.5), (440.3, 455.2), (520.3, 455.9), (600.3, 451.2)]",0,0.93
speedrunner,meatboy,6,Saw,0,0,565.0,0.469,"[(73.0, 461.0), (120.3, 467.3), (200.3, 467.0), (280.3, 467.9), (360.3, 467.3), (440.3, 467.0), (520.3, 467.9), (600.3, 467.3)]",0,0.93
speedrunner,meatboy,6,Saw,0,0,565.0,0.469,"[(73.0, 461.0), (120.3, 467.3), (200.3, 467.0), (280.3, 467.9), (360.3, 467.3), (440.3, 467.0), (520.3, 467.9), (600.3, 467.3)]",0,0.93
speedrunner,meatboy,6,Saw,1,0,565.0,0.469,"[(73.0, 461.0), (120.3, 457.3), (200.3, 450.2), (280.3, 462.0), (360.3, 467.9), (440.3, 467.3), (520.3, 467.0), (600.3, 467.9)]",0,0.93
speedrunner,meatboy,6,Saw,0,0,565.0,0.469,"[(73.0, 461.0), (120.3, 467.3), (200.3, 467.0), (280.3, 467.9), (360.3, 467.3), (440.3, 467.0), (520.3, 467.9), (600.3, 467.3)]",0,0.93
speedrunner,meatboy,6,Saw,1,0,565.0,0.469,"[(73.0, 461.0), (120.3, 467.3), (200.3, 467.0), (280.3, 467.9), (360.3, 467.3), (440.3, 467.0), (520.3, 467.9), (600.3, 467.3)]",0,0.93
speedrunner,meatboy,6,Saw,2,0,565.0,0.469,"[(73.0, 461.0), (120.3, 467.3), (200.3, 467.0), (280.3, 467.9), (360.3, 450.5), (440.3, 455.2), (520.3, 467.9), (600.3, 467.3)]",0,0.93
speedrunner,meatboy,6,Saw,1,0,565.0,0.469,"[(73.0, 461.0), (120.3, 457.3), (200.3, 450.2), (280.3, 462.0), (360.3, 467.9), (440.3, 467.3), (520.3, 467.0), (600.3, 467.9)]",0,0.93
speedrunner,meatboy,6,Saw,0,0,565.0,0.469,"[(73.0, 461.0), (120.3, 467.3), (200.3, 467.0), (280.3, 467.9), (360.3, 467.3), (440.3, 467.0), (520.3, 467.9), (600.3, 467.3)]",0,0.93
speedrunner,meatboy,6,Saw,3,0,565.0,0.469,"[(73.0, 461.0), (120.3, 467.3), (200.3, 467.0), (280.3, 452.2), (360.3, 452.3), (440.3, 460.0), (520.3, 450.6), (600.3, 460.1)]",0,0.93
speedrunner,meatboy,6,Saw,3,0,565.0,0.469,"[(73.0, 461.0), (120.3, 467.3), (200.3, 467.0), (280.3, 452.2), (360.3, 452.3), (440.3, 460.0), (520.3, 450.6), (600.3, 460.1)]",0,0.93
speedrunner,meatboy,6,Saw,0,0,565.0,0.469,"[(73.0, 461.0), (120.3, 467.3), (200.3, 467.0), (280.3, 467.9), (360.3, 467.3), (440.3, 467.0), (520.3, 467.9), (600.3, 467.3)]",0,0.93
speedrunner,meatboy,6,Saw,1,0,565.0,0.469,"[(73.0, 461.0), (120.3, 457.3), (200.3, 450.2), (280.3, 462.0), (360.3, 467.9), (440.3, 467.3), (520.3, 467.0), (600.3, 467.9)]",0,0.93
speedrunner,meatboy,6,Saw,2,0,565.0,0.469,"[(73.0, 461.0), (120.3, 467.3), (200.3, 467.0), (280.3, 467.9), (360.3, 450.5), (440.3, 455.2), (520.3, 467.9), (600.3, 467.3)]",0,0.93
speedrunner,meatboy,6,Saw,0,0,565.0,0.469,"[(73.0, 461.0), (120.3, 467.3), (200.3, 467.0), (280.3, 467.9), (360.3, 467.3), (440.3, 467.0), (520.3, 467.9), (600.3, 467.3)]",0,0.93
speedrunner,meatboy,6,Saw,1,0,565.0,0.469,"[(73.0, 461.0), (120.3, 467.3), (200.3, 467.0), (280.3, 467.9), (360.3, 467.3), (440.3, 467.0), (520.3, 467.9), (600.3, 467.3)]",0,0.93
speedrunner,meatboy,6,Saw,0,0,565.0,0.469,"[(73.0, 461.0), (120.3, 467.3), (200.3, 467.0), (280.3, 467.9), (360.3, 467.3), (440.3, 467.0), (520.3, 467.9), (600.3, 467.3)]",0,0.93
speedrunner,meatboy,6,Saw,0,0,565.0,0.469,"[(73.0, 461.0), (120.3, 467.3), (200.3, 467.0), (280.3, 467.9), (360.3, 467.3), (440.3, 467.0), (520.3, 467.9), (600.3, 467.3)]",0,0.93
speedrunner,meatboy,6,Saw,0,0,565.0,0.469,"[(73.0, 461.0), (120.3, 467.3), (200.3, 467.0), (280.3, 467.9), (360.3, 467.3), (440.3, 467.0), (520.3, 467.9), (600.3, 467.3)]",0,0.93
speedrunner,meatboy,6,Saw,2,0,565.0,0.469,"[(73.0, 461.0), (120.3, 457.3), (200.3, 450.2), (280.3, 462.0), (360.3, 452.1), (440.3, 454.5), (520.3, 467.9), (600.3, 467.3)]",0,0.93
speedrunner,meatboy,6,Saw,2,0,565.0,0.469,"[(73.0, 461.0), (120.3, 457.3), (200.3, 450.2), (280.3, 462.0), (360.3, 452.1), (440.3, 454.5), (520.3, 467.9), (600.3, 467.3)]",0,0.93
speedrunner,meatboy,6,Saw,0,0,565.0,0.469,"[(73.0, 461.0), (120.3, 467.3), (200.3, 467.0), (280.3, 467.9), (360.3, 467.3), (440.3, 467.0), (520.3, 467.9), (600.3, 467.3)]",0,0.93
speedrunner,meatboy,6,Saw,0,0,565.0,0.469,"[(73.0, 461.0), (120.3, 467.3), (200.3, 467.0), (280.3, 467.9), (360.3, 467.3), (440.3, 467.0), (520.3, 467.9), (600.3, 467.3)]",0,0.93
speedrunner,meatboy,6,Saw,0,0,565.0,0.469,"[(73.0, 461.0), (120.3, 467.3), (200.3, 467.0), (280.3, 467.9), (360.3, 467.3), (440.3, 467.0), (520.3, 467.9), (600.3, 467.3)]",0,0.93
speedrunner,meatboy,6,Saw,2,0,565.0,0.469,"[(73.0, 461.0), (120.3, 457.3), (200.3, 450.2), (280.3, 462.0), (360.3, 467.9), (440.3, 467.3), (520.3, 467.0), (600.3, 467.9)]",0,0.93
speedrunner,meatboy,6,Saw,3,0,565.0,0.469,"[(73.0, 461.0), (120.3, 467.3), (200.3, 467.0), (280.3, 452.2), (360.3, 452.3), (440.3, 460.0), (520.3, 450.6), (600.3, 460.1)]",0,0.93
speedrunner,meatboy,6,Saw,2,0,565.0,0.469,"[(73.0, 461.0), (120.3, 457.3), (200.3, 450.2), (280.3, 462.0), (360.3, 467.9), (440.3, 467.3), (520.3, 467.0), (600.3, 467.9)]",0,0.93
speedrunner,meatboy,6,Saw,3,0,565.0,0.469,"[(73.0, 461.0), (120.3, 457.3), (200.3, 450.2), (280.3, 462.0), (360.3, 452.1), (440.3, 454.5), (520.3, 457.1), (600.3, 450.0)]",0,0.93
speedrunner,meatboy,6,Saw,0,0,565.0,0.469,"[(73.0, 461.0), (120.3, 467.3), (200.3, 467.0), (280.3, 467.9), (360.3, 467.3), (440.3, 467.0), (520.3, 467.9), (600.3, 467.3)]",0,0.93
speedrunner,meatboy,6,Saw,1,0,565.0,0.469,"[(73.0, 461.0), (120.3, 457.3), (200.3, 450.2), (280.3, 462.0), (360.3, 467.9), (440.3, 467.3), (520.3, 467.0), (600.3, 467.9)]",0,0.93
speedrunner,meatboy,6,Saw,1,0,565.0,0.469,"[(73.0, 461.0), (120.3, 457.3), (200.3, 450.2), (280.3, 462.0), (360.3, 467.9), (440.3, 467.3), (520.3, 467.0), (600.3, 467.9)]",0,0.93
speedrunner,meatboy,6,Saw,0,0,565.0,0.469,"[(73.0, 461.0), (120.3, 467.3), (200.3, 467.0), (280.3, 467.9), (360.3, 467.3), (440.3, 467.0), (520.3, 467.9), (600.3, 467.3)]",0,0.93
speedrunner,meatboy,6,Saw,3,0,565.0,0.469,"[(73.0, 461.0), (120.3, 457.3), (200.3, 450.2), (280.3, 462.0), (360.3, 452.1), (440.3, 454.5), (520.3, 457.1), (600.3, 450.0)]",0,0.93
speedrunner,meatboy,6,Saw,2,0,565.0,0.469,"[(73.0, 461.0), (120.3, 457.3), (200.3, 450.2), (280.3, 462.0), (360.3, 467.9), (440.3, 467.3), (520.3, 467.0), (600.3, 467.9)]",0,0.93
speedrunner,meatboy,6,Saw,0,0,565.0,0.469,"[(73.0, 461.0), (120.3, 467.3), (200.3, 467.0), (280.3, 467.9), (360.3, 467.3), (440.3, 467.0), (520.3, 467.9), (600.3, 467.3)]",0,0.93
speedrunner,meatboy,6,Saw,0,0,565.0,0.469,"[(73.0, 461.0), (120.3, 467.3), (200.3, 467.0), (280.3, 467.9), (360.3, 467.3), (440.3, 467.0), (520.3, 467.9), (600.3, 467.3)]",0,0.93
speedrunner,meatboy,6,Saw,1,0,565.0,0.469,"[(73.0, 461.0), (120.3, 467.3), (200.3, 467.0), (280.3, 467.9), (360.3, 467.3), (440.3, 467.0), (520.3, 467.9), (600.3, 467.3)]",0,0.93
speedrunner,meatboy,6,Saw,2,0,565.0,0.469,"[(73.0, 461.0), (120.3, 467.3), (200.3, 467.0), (280.3, 467.9), (360.3, 450.5), (440.3, 455.2), (520.3, 467.9), (600.3, 467.3)]",0,0.93
speedrunner,meatboy,6,Saw,1,0,565.0,0.469,"[(73.0, 461.0), (120.3, 457.3), (200.3, 450.2), (280.3, 462.0), (360.3, 467.9), (440.3, 467.3), (520.3, 467.0), (600.3, 467.9)]",0,0.93
speedrunner,meatboy,6,Saw,0,0,565.0,0.469,"[(73.0, 461.0), (120.3, 467.3), (200.3, 467.0), (280.3, 467.9), (360.3, 467.3), (440.3, 467.0), (520.3, 467.9), (600.3, 467.3)]",0,0.93
speedrunner,meatboy,6,Saw,0,0,565.0,0.469,"[(73.0, 461.0), (120.3, 467.3), (200.3, 467.0), (280.3, 467.9), (360.3, 467.3), (440.3, 467.0), (520.3, 467.9), (600.3, 467.3)]",0,0.93
speedrunner,meatboy,6,Saw,1,0,565.0,0.469,"[(73.0, 461.0), (120.3, 457.3), (200.3, 450.2), (280.3, 462.0), (360.3, 467.9), (440.3, 467.3), (520.3, 467.0), (600.3, 467.9)]",0,0.93
speedrunner,meatboy,6,Saw,2,0,565.0,0.469,"[(73.0, 461.0), (120.3, 467.3), (200.3, 467.0), (280.3, 467.9), (360.3, 450.5), (440.3, 455.2), (520.3, 467.9), (600.3, 467.3)]",0,0.93
speedrunner,meatboy,6,Saw,1,0,565.0,0.469,"[(73.0, 461.0), (120.3, 467.3), (200.3, 467.0), (280.3, 467.9), (360.3, 467.3), (440.3, 467.0), (520.3, 467.9), (600.3, 467.3)]",0,0.93
speedrunner,meatboy,6,Saw,0,0,565.0,0.469,"[(73.0, 461.0), (120.3, 467.3), (200.3, 467.0), (280.3, 467.9), (360.3, 467.3), (440.3, 467.0), (520.3, 467.9), (600.3, 467.3)]",0,0.93
speedrunner,meatboy,6,Saw,1,0,565.0,0.469,"[(73.0, 461.0), (120.3, 457.3), (200.3, 450.2), (280.3, 462.0), (360.3, 467.9), (440.3, 467.3), (520.3, 467.0), (600.3, 467.9)]",0,0.93
speedrunner,meatboy,6,Saw,1,0,565.0,0.469,"[(73.0, 461.0), (120.3, 457.3), (200.3, 450.2), (280.3, 462.0), (360.3, 467.9), (440.3, 467.3), (520.3, 467.0), (600.3, 467.9)]",0,0.93
speedrunner,meatboy,6,Saw,4,0,565.0,0.469,"[(73.0, 461.0), (120.3, 457.3), (200.3, 450.2), (280.3, 462.0), (360.3, 452.1), (440.3, 454.5), (520.3, 457.1), (600.3, 450.0)]",0,0.93
speedrunner,meatboy,6,Saw,0,0,565.0,0.469,"[(73.0, 461.0), (120.3, 467.3), (200.3, 467.0), (280.3, 467.9), (360.3, 467.3), (440.3, 467.0), (520.3, 467.9), (600.3, 467.3)]",0,0.93
speedrunner,meatboy,6,Saw,0,0,565.0,0.469,"[(73.0, 461.0), (120.3, 467.3), (200.3, 467.0), (280.3, 467.9), (360.3, 467.3), (440.3, 467.0), (520.3, 467.9), (600.3, 467.3)]",0,0.93
speedrunner,meatboy,6,Saw,0,0,565.0,0.469,"[(73.0, 461.0), (120.3, 467.3), (200.3, 467.0), (280.3, 467.9), (360.3, 467.3), (440.3, 467.0), (520.3, 467.9), (600.3, 467.3)]",0,0.93
speedrunner,meatboy,6,Saw,0,0,565.0,0.469,"[(73.0, 461.0), (120.3, 467.3), (200.3, 467.0), (280.3, 467.9), (360.3, 467.3), (440.3, 467.0), (520.3, 467.9), (600.3, 467.3)]",0,0.93
speedrunner,meatboy,6,Saw,4,0,565.0,0.469,"[(73.0, 461.0), (120.3, 457.3), (200.3, 450.2), (280.3, 462.0), (360.3, 452.1), (440.3, 454.5), (520.3, 457.1), (600.3, 450.0)]",0,0.93
speedrunner,meatboy,6,Saw,1,0,565.0,0.469,"[(73.0, 461.0), (120.3, 457.3), (200.3, 450.2), (280.3, 462.0), (360.3, 467.9), (440.3, 467.3), (520.3, 467.0), (600.3, 467.9)]",0,0.93
speedrunner,meatboy,6,Saw,1,0,565.0,0.469,"[(73.0, 461.0), (120.3, 457.3), (200.3, 450.2), (280.3, 462.0), (360.3, 467.9), (440.3, 467.3), (520.3, 467.0), (600.3, 467.9)]",0,0.93
speedrunner,meatboy,6,Saw,2,0,565.0,0.469,"[(73.0, 461.0), (120.3, 457.3), (200.3, 450.2), (280.3, 462.0), (360.3, 467.9), (440.3, 467.3), (520.3, 467.0), (600.3, 467.9)]",0,0.93
speedrunner,meatboy,6,Saw,3,0,565.0,0.469,"[(73.0, 461.0), (120.3, 457.3), (200.3, 450.2), (280.3, 462.0), (360.3, 452.1), (440.3, 454.5), (520.3, 467.9), (600.3, 467.3)]",0,0.93
speedrunner,meatboy,6,Saw,1,0,565.0,0.469,"[(73.0, 461.0), (120.3, 467.3), (200.3, 467.0), (280.3, 467.9), (360.3, 467.3), (440.3, 467.0), (520.3, 467.9), (600.3, 467.3)]",0,0.93
speedrunner,meatboy,6,Saw,1,0,565.0,0.469,"[(73.0, 461.0), (120.3, 467.3), (200.3, 467.0), (280.3, 467.9), (360.3, 467.3), (440.3, 467.0), (520.3, 467.9), (600.3, 467.3)]",0,0.93
speedrunner,meatboy,6,Saw,3,0,565.0,0.469,"[(73.0, 461.0), (120.3, 457.3), (200.3, 450.2), (280.3, 462.0), (360.3, 452.1), (440.3, 454.5), (520.3, 467.9), (600.3, 467.3)]",0,0.93
speedrunner,meatboy,6,Saw,3,0,565.0,0.469,"[(73.0, 461.0), (120.3, 457.3), (200.3, 450.2), (280.3, 462.0), (360.3, 452.1), (440.3, 454.5), (520.3, 467.9), (600.3, 467.3)]",0,0.93
speedrunner,meatboy,6,Saw,1,0,565.0,0.469,"[(73.0, 461.0), (120.3, 467.3), (200.3, 467.0), (280.3, 467.9), (360.3, 467.3), (440.3, 467.0), (520.3, 467.9), (600.3, 467.3)]",0,0.93
speedrunner,meatboy,6,Saw,1,0,565.0,0.469,"[(73.0, 461.0), (120.3, 467.3), (200.3, 467.0), (280.3, 467.9), (360.3, 467.3), (440.3, 467.0), (520.3, 467.9), (600.3, 467.3)]",0,0.93
speedrunner,meatboy,6,Saw,3,0,565.0,0.469,"[(73.0, 461.0), (120.3, 457.3), (200.3, 450.2), (280.3, 462.0), (360.3, 452.1), (440.3, 454.5), (520.3, 467.9), (600.3, 467.3)]",0,0.93
speedrunner,meatboy,6,Saw,0,0,565.0,0.469,"[(73.0, 461.0), (120.3, 467.3), (200.3, 467.0), (280.3, 467.9), (360.3, 467.3), (440.3, 467.0), (520.3, 467.9), (600.3, 467.3)]",0,0.93
speedrunner,meatboy,6,Saw,0,0,565.0,0.469,"[(73.0, 461.0), (120.3, 467.3), (200.3, 467.0), (280.3, 467.9), (360.3, 467.3), (440.3, 467.0), (520.3, 467.9), (600.3, 467.3)]",0,0.93
speedrunner,meatboy,6,Saw,1,0,565.0,0.469,"[(73.0, 461.0), (120.3, 467.3), (200.3, 467.0), (280.3, 467.9), (360.3, 467.3), (440.3, 467.0), (520.3, 467.9), (600.3, 467.3)]",0,0.93
speedrunner,meatboy,6,Saw,4,0,565.0,0.469,"[(73.0, 461.0), (120.3, 457.3), (200.3, 450.2), (280.3, 462.0), (360.3, 452.1), (440.3, 454.5), (520.3, 457.1), (600.3, 450.0)]",0,0.93
speedrunner,meatboy,6,Saw,1,0,565.0,0.469,"[(73.0, 461.0), (120.3, 457.3), (200.3, 450.2), (280.3, 462.0), (360.3, 467.9), (440.3, 467.3), (520.3, 467.0), (600.3, 467.9)]",0,0.93
speedrunner,meatboy,6,Saw,2,0,565.0,0.469,"[(73.0, 461.0), (120.3, 457.3), (200.3, 450.2), (280.3, 462.0), (360.3, 467.9), (440.3, 467.3), (520.3, 467.0), (600.3, 467.9)]",0,0.93
speedrunner,meatboy,6,Saw,2,0,565.0,0.469,"[(73.0, 461.0), (120.3, 457.3), (200.3, 450.2), (280.3, 462.0), (360.3, 467.9), (440.3, 467.3), (520.3, 467.0), (600.3, 467.9)]",0,0.93
speedrunner,meatboy,6,Saw,1,0,565.0,0.469,"[(73.0, 461.0), (120.3, 457.3), (200.3, 450.2), (280.3, 462.0), (360.3, 467.9), (440.3, 467.3), (520.3, 467.0), (600.3, 467.9)]",0,0.93
speedrunner,meatboy,6,Saw,4,0,565.0,0.469,"[(73.0, 461.0), (120.3, 457.3), (200.3, 450.2), (280.3, 462.0), (360.3, 452.1), (440.3, 454.5), (520.3, 457.1), (600.3, 450.0)]",0,0.93
speedrunner,meatboy,6,Saw,1,0,565.0,0.469,"[(73.0, 461.0), (120.3, 467.3), (200.3, 467.0), (280.3, 467.9), (360.3, 467.3), (440.3, 467.0), (520.3, 467.9), (600.3, 467.3)]",0,0.93
speedrunner,meatboy,6,Saw,0,0,565.0,0.469,"[(73.0, 461.0), (120.3, 467.3), (200.3, 467.0), (280.3, 467.9), (360.3, 467.3), (440.3, 467.0), (520.3, 467.9), (600.3, 467.3)]",0,0.93
speedrunner,meatboy,6,Saw,1,0,565.0,0.469,"[(73.0, 461.0), (120.3, 457.3), (200.3, 450.2), (280.3, 462.0), (360.3, 467.9), (440.3, 467.3), (520.3, 467.0), (600.3, 467.9)]",0,0.93
speedrunner,meatboy,6,Saw,2,0,565.0,0.469,"[(73.0, 461.0), (120.3, 457.3), (200.3, 450.2), (280.3, 462.0), (360.3, 467.9), (440.3, 467.3), (520.3, 467.0), (600.3, 467.9)]",0,0.93
speedrunner,meatboy,6,Saw,2,0,565.0,0.469,"[(73.0, 461.0), (120.3, 457.3), (200.3, 450.2), (280.3, 462.0), (360.3, 467.9), (440.3, 467.3), (520.3, 467.0), (600.3, 467.9)]",0,0.93
speedrunner,meatboy,6,Saw,1,0,565.0,0.469,"[(73.0, 461.0), (120.3, 457.3), (200.3, 450.2), (280.3, 462.0), (360.3, 467.9), (440.3, 467.3), (520.3, 467.0), (600.3, 467.9)]",0,0.93
speedrunner,meatboy,6,Saw,0,0,565.0,0.469,"[(73.0, 461.0), (120.3, 467.3), (200.3, 467.0), (280.3, 467.9), (360.3, 467.3), (440.3, 467.0), (520.3, 467.9), (600.3, 467.3)]",0,0.93
speedrunner,meatboy,6,Saw,0,0,565.0,0.469,"[(73.0, 461.0), (120.3, 467.3), (200.3, 467.0), (280.3, 467.9), (360.3, 467.3), (440.3, 467.0), (520.3, 467.9), (600.3, 467.3)]",0,0.93
speedrunner,meatboy,6,Saw,1,0,565.0,0.469,"[(73.0, 461.0), (120.3, 457.3), (200.3, 450.2), (280.3, 462.0), (360.3, 467.9), (440.3, 467.3), (520.3, 467.0), (600.3, 467.9)]",0,0.93
speedrunner,meatboy,6,Saw,2,0,565.0,0.469,"[(73.0, 461.0), (120.3, 457.3), (200.3, 450.2), (280.3, 462.0), (360.3, 467.9), (440.3, 467.3), (520.3, 467.0), (600.3, 467.9)]",0,0.93
speedrunner,meatboy,6,Saw,2,0,565.0,0.469,"[(73.0, 461.0), (120.3, 457.3), (200.3, 450.2), (280.3, 462.0), (360.3, 467.9), (440.3, 467.3), (520.3, 467.0), (600.3, 467.9)]",0,0.93
speedrunner,meatboy,6,Saw,1,0,565.0,0.469,"[(73.0, 461.0), (120.3, 467.3), (200.3, 467.0), (280.3, 467.9), (360.3, 467.3), (440.3, 467.0), (520.3, 467.9), (600.3, 467.3)]",0,0.93
speedrunner,meatboy,6,Saw,0,0,565.0,0.469,"[(73.0, 461.0), (120.3, 467.3), (200.3, 467.0), (280.3, 467.9), (360.3, 467.3), (440.3, 467.0), (520.3, 467.9), (600.3, 467.3)]",0,0.93
speedrunner,meatboy,6,Saw,1,0,565.0,0.469,"[(73.0, 461.0), (120.3, 467.3), (200.3, 467.0), (280.3, 467.9), (360.3, 467.3), (440.3, 467.0), (520.3, 467.9), (600.3, 467.3)]",0,0.93
speedrunner,meatboy,6,Saw,1,0,565.0,0.469,"[(73.0, 461.0), (120.3, 467.3), (200.3, 467.0), (280.3, 467.9), (360.3, 467.3), (440.3, 467.0), (520.3, 467.9), (600.3, 467.3)]",0,0.93
speedrunner,meatboy,6,Saw,2,0,565.0,0.469,"[(73.0, 461.0), (120.3, 457.3), (200.3, 450.2), (280.3, 462.0), (360.3, 452.1), (440.3, 454.5), (520.3, 467.9), (600.3, 467.3)]",0,0.93
speedrunner,meatboy,6,Saw,3,0,565.0,0.469,"[(73.0, 461.0), (120.3, 457.3), (200.3, 450.2), (280.3, 462.0), (360.3, 452.1), (440.3, 454.5), (520.3, 457.1), (600.3, 450.0)]",0,0.93
speedrunner,meatboy,6,Saw,3,0,565.0,0.469,"[(73.0, 461.0), (120.3, 457.3), (200.3, 450.2), (280.3, 462.0), (360.3, 452.1), (440.3, 454.5), (520.3, 457.1), (600.3, 450.0)]",0,0.93
speedrunner,meatboy,6,Saw,2,0,565.0,0.469,"[(73.0, 461.0), (120.3, 457.3), (200.3, 450.2), (280.3, 462.0), (360.3, 452.1), (440.3, 454.5), (520.3, 467.9), (600.3, 467.3)]",0,0.93
speedrunner,meatboy,6,Saw,1,0,565.0,0.469,"[(73.0, 461.0), (120.3, 467.3), (200.3, 467.0), (280.3, 467.9), (360.3, 467.3), (440.3, 467.0), (520.3, 467.9), (600.3, 467.3)]",0,0.93
speedrunner,meatboy,6,Saw,1,0,565.0,0.469,"[(73.0, 461.0), (120.3, 467.3), (200.3, 467.0), (280.3, 467.9), (360.3, 467.3), (440.3, 467.0), (520.3, 467.9), (600.3, 467.3)]",0,0.93
speedrunner,meatboy,6,Saw,2,0,565.0,0.469,"[(73.0, 461.0), (120.3, 457.3), (200.3, 450.2), (280.3, 462.0), (360.3, 467.9), (440.3, 467.3), (520.3, 467.0), (600.3, 467.9)]",0,0.93
speedrunner,meatboy,6,Saw,1,0,565.0,0.469,"[(73.0, 461.0), (120.3, 467.3), (200.3, 467.0), (280.3, 467.9), (360.3, 467.3), (440.3, 467.0), (520.3, 467.9), (600.3, 467.3)]",0,0.93
speedrunner,meatboy,6,Saw,4,0,565.0,0.469,"[(73.0, 461.0), (120.3, 457.3), (200.3, 450.2), (280.3, 462.0), (360.3, 452.1), (440.3, 454.5), (520.3, 457.1), (600.3, 450.0)]",0,0.93
speedrunner,meatboy,6,Saw,0,0,565.0,0.469,"[(73.0, 461.0), (120.3, 467.3), (200.3, 467.0), (280.3, 467.9), (360.3, 467.3), (440.3, 467.0), (520.3, 467.9), (600.3, 467.3)]",0,0.93
speedrunner,meatboy,6,Saw,3,0,565.0,0.469,"[(73.0, 461.0), (120.3, 457.3), (200.3, 450.2), (280.3, 462.0), (360.3, 452.1), (440.3, 454.5), (520.3, 467.9), (600.3, 467.3)]",0,0.93
speedrunner,meatboy,6,Saw,2,0,565.0,0.469,"[(73.0, 461.0), (120.3, 457.3), (200.3, 450.2), (280.3, 462.0), (360.3, 467.9), (440.3, 467.3), (520.3, 467.0), (600.3, 467.9)]",0,0.93
