persona,game,world,cause_of_death,jump_count,coins_collected,avg_vx,progress_ratio,route,enemies_killed,elapsed_time
speedrunner,meatboy,7,Stuck,1,0,-11.43,0.036,"[(105.0, 237.0), (57.7, 233.3), (41.0, 226.2), (41.0, 238.0), (41.0, 243.9), (41.0, 243.3), (41.0, 243.0), (41.0, 243.9), (41.0, 243.3), (41.0, 243.0), (41.0, 243.9), (41.0, 243.3), (41.0, 243.0), (41.0, 243.9), (41.0, 243.3), (41.0, 243.0), (41.0, 243.9), (41.0, 243.3), (41.0, 243.0), (41.0, 243.9), (41.0, 243.3), (41.0, 243.0), (41.0, 243.9), (41.0, 243.3), (41.0, 243.0), (41.0, 243.9), (41.0, 243.3), (41.0, 243.0), (41.0, 243.9), (41.0, 243.3), (41.0, 243.0), (41.0, 243.9), (41.0, 243.3), (41.0, 243.0), (41.0, 243.9), (41.0, 243.3), (41.0, 243.0), (41.0, 243.9)]",0,5.02
speedrunner,meatboy,7,Saw,3,0,317.22,0.381,"[(105.0, 237.0), (109.0, 243.3), (172.3, 243.0), (252.3, 232.1), (332.3, 227.4), (399.0, 241.5), (423.3, 274.5), (439.0, 326.4)]",0,1.05
speedrunner,meatboy,7,Stuck,0,0,-1.35,0.085,"[(105.0, 237.0), (98.2, 243.3), (98.2, 243.0), (98.2, 243.9), (98.2, 243.3), (98.2, 243.0), (98.2, 243.9), (98.2, 243.3), (98.2, 243.0), (98.2, 243.9), (98.2, 243.3), (98.2, 243.0), (98.2, 243.9), (98.2, 243.3), (98.2, 243.0), (98.2, 243.9), (98.2, 243.3), (98.2, 243.0), (98.2, 243.9), (98.2, 243.3), (98.2, 243.0), (98.2, 243.9), (98.2, 243.3), (98.2, 243.0), (98.2, 243.9), (98.2, 243.3), (98.2, 243.0), (98.2, 243.9), (98.2, 243.3), (98.2, 243.0), (98.2, 243.9), (98.2, 243.3), (98.2, 243.0), (98.2, 243.9), (98.2, 243.3), (98.2, 243.0), (98.2, 243.9), (98.2, 243.3)]",0,5.02
speedrunner,meatboy,7,Stuck,1,0,0.0,0.091,"[(105.0, 237.0), (105.0, 243.3), (105.0, 243.0), (105.0, 243.9), (105.0, 243.3), (105.0, 243.0), (105.0, 243.9), (105.0, 243.3), (105.0, 243.0), (105.0, 243.9), (105.0, 243.3), (105.0, 243.0), (105.0, 243.9), (105.0, 243.3), (105.0, 243.0), (105.0, 243.9), (105.0, 243.3), (105.0, 243.0), (105.0, 243.9), (105.0, 243.3), (105.0, 243.0), (105.0, 243.9), (105.0, 243.3), (105.0, 243.0), (105.0, 243.9), (105.0, 243.3), (105.0, 243.0), (105.0, 243.9), (105.0, 243.3), (105.0, 243.0), (105.0, 243.9), (105.0, 243.3), (105.0, 243.0), (105.0, 243.9), (105.0, 243.3), (105.0, 243.0), (105.0, 243.9), (105.0, 243.3)]",0,5.02
speedrunner,meatboy,7,Stuck,1,0,8.17,0.139,"[(105.0, 237.0), (106.7, 243.3), (111.3, 243.0), (115.0, 243.9), (120.0, 243.3), (124.7, 243.0), (128.3, 243.9), (133.3, 243.3), (138.0, 243.0), (141.7, 243.9), (146.7, 243.3), (151.3, 243.0), (155.0, 243.9), (160.0, 243.3), (160.0, 243.0), (160.0, 243.9), (160.0, 243.3), (160.0, 243.0), (160.0, 243.9), (160.0, 243.3), (160.0, 243.0), (160.0, 243.9), (160.0, 243.3), (160.0, 243.0), (160.0, 243.9), (160.0, 243.3), (160.0, 243.0), (160.0, 243.9), (160.0, 243.3), (160.0, 243.0), (160.0, 243.9), (160.0, 243.3), (160.0, 243.0), (160.0, 243.9), (160.0, 243.3), (160.0, 243.0), (160.0, 243.9), (160.0, 243.3), (160.0, 243.0), (160.0, 243.9), (160.0, 243.3), (160.0, 243.0), (160.0, 243.9), (160.0, 243.3), (160.0, 243.0), (160.0, 243.9), (160.0, 243.3), (160.0, 243.0), (160.0, 243.9), (160.0, 243.3), (160.0, 243.0)]",0,6.73
speedrunner,meatboy,7,Saw,1,0,190.68,0.381,"[(105.0, 237.0), (152.3, 243.3), (232.3, 243.0), (312.3, 195.5), (392.3, 158.6), (439.0, 140.6), (439.0, 141.3), (439.0, 161.0), (439.0, 197.7), (439.0, 237.4), (439.0, 277.1), (439.0, 316.7), (439.0, 356.4)]",0,1.72
speedrunner,meatboy,7,Saw,0,0,137.2,0.202,"[(105.0, 237.0), (126.3, 243.3), (200.3, 243.0), (245.6, 247.4), (246.5, 269.8), (233.0, 308.9), (233.0, 348.6), (233.0, 388.2)]",0,0.93
speedrunner,meatboy,7,Stuck,0,0,-8.02,0.056,"[(105.0, 237.0), (103.3, 243.3), (98.7, 243.0), (95.0, 243.9), (90.0, 243.3), (85.3, 243.0), (81.7, 243.9), (76.7, 243.3), (72.0, 243.0), (68.3, 243.9), (63.3, 243.3), (64.2, 243.0), (63.8, 243.9), (64.3, 243.3), (65.2, 243.0), (64.8, 243.9), (62.7, 243.3), (63.3, 243.0), (64.2, 243.9), (63.7, 243.3), (64.3, 243.0), (65.2, 243.9), (64.7, 243.3), (62.7, 243.0), (63.2, 243.9), (64.1, 243.3), (63.7, 243.0), (64.2, 243.9), (65.1, 243.3), (64.7, 243.0), (65.2, 243.9), (63.2, 243.3), (64.1, 243.0), (63.6, 243.9), (64.2, 243.3), (65.1, 243.0), (64.6, 243.9), (65.2, 243.3)]",0,5.02
speedrunner,meatboy,7,Stuck,12,0,2.55,0.037,"[(105.0, 237.0), (143.2, 243.3), (115.2, 228.5), (41.0, 228.6), (85.7, 243.3), (80.9, 231.2), (49.0, 226.5), (118.3, 240.6), (144.5, 236.2), (79.5, 226.8), (54.3, 236.2), (95.8, 243.9), (45.8, 226.5), (78.3, 231.2), (146.7, 243.9), (119.2, 229.1), (41.0, 229.1), (85.7, 243.3), (80.9, 231.2), (49.0, 226.5), (118.3, 240.6), (144.5, 236.2), (79.5, 226.8), (54.3, 236.2), (95.8, 243.9), (45.8, 226.5), (78.3, 231.2), (146.7, 243.9), (119.2, 229.1), (41.0, 229.1), (85.7, 243.3), (80.9, 231.2), (49.0, 226.5), (118.3, 240.6), (144.5, 236.2), (79.5, 226.8), (54.3, 236.2), (95.8, 243.9), (45.8, 226.5)]",0,5.1
speedrunner,meatboy,7,Stuck,11,0,-10.46,0.036,"[(105.0, 237.0), (66.2, 233.3), (72.0, 199.4), (153.5, 173.9), (213.5, 178.7), (205.5, 202.2), (145.5, 243.0), (97.5, 226.0), (60.2, 233.1), (41.0, 214.7), (41.0, 193.1), (41.0, 197.8), (41.0, 221.4), (41.0, 220.8), (41.0, 193.1), (41.0, 195.5), (41.0, 216.7), (41.0, 227.9), (41.0, 194.1), (41.0, 194.2), (41.0, 213.0), (41.0, 235.3), (41.0, 195.5), (41.0, 193.1), (41.0, 209.6), (41.0, 243.0), (41.0, 197.1), (41.0, 192.4), (41.0, 206.5), (41.0, 239.3), (41.0, 199.0), (42.3, 191.9), (41.0, 203.7), (41.0, 234.4), (41.0, 201.2), (42.3, 191.8), (41.0, 201.2), (41.0, 229.5), (41.0, 207.4), (41.0, 191.9), (41.0, 199.0), (41.0, 225.0)]",0,5.47
speedrunner,meatboy,7,Saw,1,0,243.97,0.257,"[(105.0, 237.0), (152.3, 243.3), (230.4, 243.0), (268.2, 253.6), (263.3, 283.0), (258.4, 331.3)]",0,0.78
speedrunner,meatboy,7,Saw,2,0,297.58,0.381,"[(105.0, 237.0), (152.3, 243.3), (232.3, 216.9), (312.3, 212.3), (392.3, 226.4), (439.0, 259.2), (439.0, 298.9), (439.0, 338.6), (439.0, 378.3)]",0,1.1
speedrunner,meatboy,7,Stuck,1,0,-12.62,0.036,"[(105.0, 237.0), (103.3, 243.3), (98.7, 243.0), (95.0, 243.9), (90.0, 243.3), (85.3, 243.0), (81.7, 243.9), (76.7, 243.3), (72.0, 243.0), (68.3, 243.9), (63.3, 243.3), (58.7, 243.0), (55.0, 243.9), (50.0, 243.3), (45.3, 243.0), (41.7, 243.9), (41.0, 243.3), (41.0, 243.0), (41.0, 243.9), (41.0, 243.3), (41.0, 243.0), (41.0, 243.9), (41.0, 243.3), (41.0, 243.0), (41.0, 243.9), (41.0, 243.3), (41.0, 243.0), (41.0, 243.9), (41.0, 243.3), (41.0, 243.0), (41.0, 243.9), (41.0, 243.3), (41.0, 243.0), (41.0, 243.9), (41.0, 243.3), (41.0, 243.0), (41.0, 243.9), (41.0, 243.3)]",0,5.02
speedrunner,meatboy,7,Stuck,1,0,-11.43,0.036,"[(105.0, 237.0), (101.0, 243.3), (41.0, 243.0), (41.0, 243.9), (41.0, 243.3), (41.0, 243.0), (41.0, 243.9), (41.0, 243.3), (41.0, 243.0), (41.0, 243.9), (41.0, 243.3), (41.0, 243.0), (41.0, 243.9), (41.0, 243.3), (41.0, 243.0), (41.0, 243.9), (41.0, 243.3), (41.0, 243.0), (41.0, 243.9), (41.0, 243.3), (41.0, 243.0), (41.0, 243.9), (41.0, 243.3), (41.0, 243.0), (41.0, 243.9), (41.0, 243.3), (41.0, 243.0), (41.0, 243.9), (41.0, 243.3), (41.0, 243.0), (41.0, 243.9), (41.0, 243.3), (41.0, 243.0), (41.0, 243.9), (41.0, 243.3), (41.0, 243.0), (41.0, 243.9), (41.0, 243.3)]",0,5.02
speedrunner,meatboy,7,Stuck,1,0,-12.64,0.036,"[(105.0, 237.0), (119.2, 243.3), (80.1, 243.0), (41.0, 243.9), (41.0, 243.3), (41.0, 243.0), (41.0, 243.9), (41.0, 243.3), (41.0, 243.0), (41.0, 243.9), (41.0, 243.3), (41.0, 243.0), (41.0, 243.9), (41.0, 243.3), (41.0, 243.0), (41.0, 243.9), (41.0, 243.3), (41.0, 243.0), (41.0, 243.9), (41.0, 243.3), (41.0, 243.0), (41.0, 243.9), (41.0, 243.3), (41.0, 243.0), (41.0, 243.9), (41.0, 243.3), (41.0, 243.0), (41.0, 243.9), (41.0, 243.3), (41.0, 243.0), (41.0, 243.9), (41.0, 243.3), (41.0, 243.0), (41.0, 243.9), (41.0, 243.3), (41.0, 243.0), (41.0, 243.9), (41.0, 243.3)]",0,5.02
speedrunner,meatboy,7,Stuck,1,0,-11.43,0.036,"[(105.0, 237.0), (57.7, 243.3), (41.0, 243.0), (41.0, 243.9), (41.0, 243.3), (41.0, 243.0), (41.0, 243.9), (41.0, 243.3), (41.0, 243.0), (41.0, 243.9), (41.0, 243.3), (41.0, 243.0), (41.0, 243.9), (41.0, 243.3), (41.0, 243.0), (41.0, 243.9), (41.0, 243.3), (41.0, 243.0), (41.0, 243.9), (41.0, 243.3), (41.0, 243.0), (41.0, 243.9), (41.0, 243.3), (41.0, 243.0), (41.0, 243.9), (41.0, 243.3), (41.0, 243.0), (41.0, 243.9), (41.0, 243.3), (41.0, 243.0), (41.0, 243.9), (41.0, 243.3), (41.0, 243.0), (41.0, 243.9), (41.0, 243.3), (41.0, 243.0), (41.0, 243.9), (41.0, 243.3)]",0,5.02
speedrunner,meatboy,7,Stuck,0,0,-11.43,0.036,"[(105.0, 237.0), (57.7, 243.3), (41.0, 243.0), (41.0, 243.9), (41.0, 243.3), (41.0, 243.0), (41.0, 243.9), (41.0, 243.3), (41.0, 243.0), (41.0, 243.9), (41.0, 243.3), (41.0, 243.0), (41.0, 243.9), (41.0, 243.3), (41.0, 243.0), (41.0, 243.9), (41.0, 243.3), (41.0, 243.0), (41.0, 243.9), (41.0, 243.3), (41.0, 243.0), (41.0, 243.9), (41.0, 243.3), (41.0, 243.0), (41.0, 243.9), (41.0, 243.3), (41.0, 243.0), (41.0, 243.9), (41.0, 243.3), (41.0, 243.0), (41.0, 243.9), (41.0, 243.3), (41.0, 243.0), (41.0, 243.9), (41.0, 243.3), (41.0, 243.0), (41.0, 243.9), (41.0, 243.3)]",0,5.02
speedrunner,meatboy,7,Stuck,0,0,0.0,0.091,"[(105.0, 237.0), (105.0, 243.3), (105.0, 243.0), (105.0, 243.9), (105.0, 243.3), (105.0, 243.0), (105.0, 243.9), (105.0, 243.3), (105.0, 243.0), (105.0, 243.9), (105.0, 243.3), (105.0, 243.0), (105.0, 243.9), (105.0, 243.3), (105.0, 243.0), (105.0, 243.9), (105.0, 243.3), (105.0, 243.0), (105.0, 243.9), (105.0, 243.3), (105.0, 243.0), (105.0, 243.9), (105.0, 243.3), (105.0, 243.0), (105.0, 243.9), (105.0, 243.3), (105.0, 243.0), (105.0, 243.9), (105.0, 243.3), (105.0, 243.0), (105.0, 243.9), (105.0, 243.3), (105.0, 243.0), (105.0, 243.9), (105.0, 243.3), (105.0, 243.0), (105.0, 243.9), (105.0, 243.3)]",0,5.02
speedrunner,meatboy,7,Stuck,2,0,-10.58,0.036,"[(105.0, 237.0), (57.7, 243.3), (42.3, 201.2), (42.3, 161.9), (42.3, 141.5), (42.3, 149.2), (42.3, 176.3), (41.0, 216.2), (41.0, 243.9), (41.0, 243.3), (41.0, 243.0), (41.0, 243.9), (41.0, 243.3), (41.0, 243.0), (41.0, 243.9), (41.0, 243.3), (41.0, 243.0), (41.0, 243.9), (41.0, 243.3), (41.0, 243.0), (41.0, 243.9), (41.0, 243.3), (41.0, 243.0), (41.0, 243.9), (41.0, 243.3), (41.0, 243.0), (41.0, 243.9), (41.0, 243.3), (41.0, 243.0), (41.0, 243.9), (41.0, 243.3), (41.0, 243.0), (41.0, 243.9), (41.0, 243.3), (41.0, 243.0), (41.0, 243.9), (41.0, 243.3), (41.0, 243.0), (41.0, 243.9), (41.0, 243.3), (41.0, 243.0)]",0,5.42
speedrunner,meatboy,7,Stuck,1,0,-11.43,0.036,"[(105.0, 237.0), (57.7, 243.3), (41.0, 243.0), (41.0, 243.9), (41.0, 243.3), (41.0, 243.0), (41.0, 243.9), (41.0, 243.3), (41.0, 243.0), (41.0, 243.9), (41.0, 243.3), (41.0, 243.0), (41.0, 243.9), (41.0, 243.3), (41.0, 243.0), (41.0, 243.9), (41.0, 243.3), (41.0, 243.0), (41.0, 243.9), (41.0, 243.3), (41.0, 243.0), (41.0, 243.9), (41.0, 243.3), (41.0, 243.0), (41.0, 243.9), (41.0, 243.3), (41.0, 243.0), (41.0, 243.9), (41.0, 243.3), (41.0, 243.0), (41.0, 243.9), (41.0, 243.3), (41.0, 243.0), (41.0, 243.9), (41.0, 243.3), (41.0, 243.0), (41.0, 243.9), (41.0, 243.3)]",0,5.02
speedrunner,meatboy,7,Saw,1,0,190.68,0.381,"[(105.0, 237.0), (152.3, 243.3), (232.3, 243.0), (312.3, 195.5), (392.3, 158.6), (439.0, 140.6), (439.0, 141.3), (439.0, 161.0), (439.0, 197.7), (439.0, 237.4), (439.0, 277.1), (439.0, 316.7), (439.0, 356.4)]",0,1.72
speedrunner,meatboy,7,Saw,2,0,297.58,0.381,"[(105.0, 237.0), (152.3, 243.3), (232.3, 216.9), (312.3, 212.3), (392.3, 226.4), (439.0, 259.2), (439.0, 298.9), (439.0, 338.6), (439.0, 378.3)]",0,1.1
speedrunner,meatboy,7,Saw,3,0,317.22,0.381,"[(105.0, 237.0), (109.0, 243.3), (172.3, 243.0), (252.3, 232.1), (332.3, 227.4), (399.0, 241.5), (423.3, 274.5), (439.0, 326.4)]",0,1.05
speedrunner,meatboy,7,Saw,1,0,190.68,0.381,"[(105.0, 237.0), (152.3, 243.3), (232.3, 243.0), (312.3, 195.5), (392.3, 158.6), (439.0, 140.6), (439.0, 141.3), (439.0, 161.0), (439.0, 197.7), (439.0, 237.4), (439.0, 277.1), (439.0, 316.7), (439.0, 356.4)]",0,1.72
speedrunner,meatboy,7,Stuck,0,0,-12.5,0.036,"[(105.0, 237.0), (74.8, 243.3), (71.1, 243.0), (67.3, 243.9), (63.5, 243.3), (59.7, 243.0), (55.9, 243.9), (52.2, 243.3), (48.4, 243.0), (44.6, 243.9), (41.0, 243.3), (41.0, 243.0), (41.0, 243.9), (41.0, 243.3), (41.0, 243.0), (41.0, 243.9), (41.0, 243.3), (41.0, 243.0), (41.0, 243.9), (41.0, 243.3), (41.0, 243.0), (41.0, 243.9), (41.0, 243.3), (41.0, 243.0), (41.0, 243.9), (41.0, 243.3), (41.0, 243.0), (41.0, 243.9), (41.0, 243.3), (41.0, 243.0), (41.0, 243.9), (41.0, 243.3), (41.0, 243.0), (41.0, 243.9), (41.0, 243.3), (41.0, 243.0), (41.0, 243.9), (41.0, 243.3)]",0,5.02
speedrunner,meatboy,7,Stuck,0,0,12.15,0.154,"[(105.0, 237.0), (115.2, 243.3), (122.2, 243.0), (130.8, 243.9), (138.5, 243.3), (144.2, 243.0), (152.8, 243.9), (158.8, 243.3), (165.5, 243.0), (171.2, 243.9), (177.5, 243.3), (177.5, 243.0), (177.5, 243.9), (177.5, 243.3), (177.5, 243.0), (177.5, 243.9), (177.5, 243.3), (177.5, 243.0), (177.5, 243.9), (177.5, 243.3), (177.5, 243.0), (177.5, 243.9), (177.5, 243.3), (177.5, 243.0), (177.5, 243.9), (177.5, 243.3), (177.5, 243.0), (177.5, 243.9), (177.5, 243.3), (177.5, 243.0), (177.5, 243.9), (177.5, 243.3), (177.5, 243.0), (177.5, 243.9), (177.5, 243.3), (177.5, 243.0), (177.5, 243.9), (177.5, 243.3), (177.5, 243.0), (177.5, 243.9), (177.5, 243.3), (177.5, 243.0), (177.5, 243.9), (177.5, 243.3), (177.5, 243.0)]",0,5.97
speedrunner,meatboy,7,Saw,1,0,348.07,0.381,"[(105.0, 237.0), (105.0, 243.3), (168.3, 243.0), (247.0, 243.9), (305.7, 259.2), (365.7, 293.4), (439.0, 346.4), (439.0, 386.0)]",0,0.95
speedrunner,meatboy,7,Saw,0,0,369.5,0.381,"[(105.0, 237.0), (152.3, 243.3), (223.9, 243.0), (302.7, 253.6), (381.4, 283.0), (439.0, 327.4), (439.0, 367.1)]",0,0.88
speedrunner,meatboy,7,Saw,1,0,417.23,0.381,"[(105.0, 237.0), (152.3, 243.3), (232.3, 243.0), (312.3, 253.6), (392.3, 283.0), (439.0, 331.3)]",0,0.78
speedrunner,meatboy,7,Saw,1,0,288.82,0.381,"[(105.0, 237.0), (152.3, 243.3), (232.3, 243.0), (312.3, 228.1), (392.3, 230.5), (439.0, 251.7), (439.0, 289.2), (439.0, 328.9), (439.0, 368.6)]",0,1.13
speedrunner,meatboy,7,Saw,1,0,190.68,0.381,"[(105.0, 237.0), (152.3, 243.3), (232.3, 243.0), (312.3, 195.5), (392.3, 158.6), (439.0, 140.6), (439.0, 141.3), (439.0, 161.0), (439.0, 197.7), (439.0, 237.4), (439.0, 277.1), (439.0, 316.7), (439.0, 356.4)]",0,1.72
speedrunner,meatboy,7,Stuck,1,0,0.0,0.091,"[(105.0, 237.0), (105.0, 243.3), (105.0, 243.0), (105.0, 243.9), (105.0, 243.3), (105.0, 243.0), (105.0, 243.9), (105.0, 243.3), (105.0, 243.0), (105.0, 243.9), (105.0, 243.3), (105.0, 243.0), (105.0, 243.9), (105.0, 243.3), (105.0, 243.0), (105.0, 243.9), (105.0, 243.3), (105.0, 243.0), (105.0, 243.9), (105.0, 243.3), (105.0, 243.0), (105.0, 243.9), (105.0, 243.3), (105.0, 243.0), (105.0, 243.9), (105.0, 243.3), (105.0, 243.0), (105.0, 243.9), (105.0, 243.3), (105.0, 243.0), (105.0, 243.9), (105.0, 243.3), (105.0, 243.0), (105.0, 243.9), (105.0, 243.3), (105.0, 243.0), (105.0, 243.9), (105.0, 243.3)]",0,5.02
speedrunner,meatboy,7,Saw,0,0,272.92,0.3,"[(105.0, 237.0), (109.0, 243.3), (172.3, 243.0), (237.3, 243.9), (274.3, 259.2), (306.0, 293.4), (332.3, 346.4)]",0,0.88
speedrunner,meatboy,7,Stuck,0,0,-11.95,0.036,"[(105.0, 237.0), (143.2, 243.3), (121.8, 243.0), (88.6, 243.9), (58.6, 243.3), (41.0, 243.0), (41.0, 243.9), (41.0, 243.3), (41.0, 243.0), (41.0, 243.9), (41.0, 243.3), (41.0, 243.0), (41.0, 243.9), (41.0, 243.3), (41.0, 243.0), (41.0, 243.9), (41.0, 243.3), (41.0, 243.0), (41.0, 243.9), (41.0, 243.3), (41.0, 243.0), (41.0, 243.9), (41.0, 243.3), (41.0, 243.0), (41.0, 243.9), (41.0, 243.3), (41.0, 243.0), (41.0, 243.9), (41.0, 243.3), (41.0, 243.0), (41.0, 243.9), (41.0, 243.3), (41.0, 243.0), (41.0, 243.9), (41.0, 243.3), (41.0, 243.0), (41.0, 243.9), (41.0, 243.3), (41.0, 243.0)]",0,5.1
speedrunner,meatboy,7,Saw,0,0,168.51,0.203,"[(105.0, 237.0), (152.3, 243.3), (232.3, 243.0), (311.0, 253.6), (332.3, 283.0), (272.3, 331.3)]",0,0.78
speedrunner,meatboy,7,Stuck,5,0,-1.66,0.068,"[(105.0, 237.0), (57.7, 243.3), (41.0, 201.2), (41.0, 161.9), (41.0, 141.5), (41.0, 149.2), (41.0, 176.3), (41.0, 215.8), (45.0, 243.9), (65.2, 243.3), (78.9, 243.0), (69.3, 243.9), (41.0, 213.9), (41.0, 170.0), (41.0, 144.8), (41.0, 145.4), (41.0, 167.8), (41.0, 205.9), (41.0, 243.0), (59.5, 243.9), (74.8, 243.3), (79.0, 243.0), (42.3, 227.9), (41.0, 179.2), (41.0, 149.4), (41.0, 142.8), (41.0, 160.4), (41.0, 195.9), (41.0, 235.6), (55.9, 243.0), (72.8, 243.9), (83.3, 243.3), (41.0, 243.0), (41.0, 189.6), (41.0, 155.0), (41.0, 141.3), (41.0, 154.3), (41.0, 186.0), (41.0, 225.7), (51.1, 243.3), (69.6, 243.0)]",0,5.42
speedrunner,meatboy,7,Stuck,1,0,-12.5,0.036,"[(105.0, 237.0), (84.9, 243.3), (80.5, 243.0), (76.7, 243.9), (72.9, 243.3), (69.2, 243.0), (65.4, 243.9), (61.6, 243.3), (57.8, 243.0), (54.1, 243.9), (50.3, 243.3), (46.5, 243.0), (42.7, 243.9), (41.0, 243.3), (41.0, 243.0), (41.0, 243.9), (41.0, 243.3), (41.0, 243.0), (41.0, 243.9), (41.0, 243.3), (41.0, 243.0), (41.0, 243.9), (41.0, 243.3), (41.0, 243.0), (41.0, 243.9), (41.0, 243.3), (41.0, 243.0), (41.0, 243.9), (41.0, 243.3), (41.0, 243.0), (41.0, 243.9), (41.0, 243.3), (41.0, 243.0), (41.0, 243.9), (41.0, 243.3), (41.0, 243.0), (41.0, 243.9), (41.0, 243.3)]",0,5.02
speedrunner,meatboy,7,Saw,1,0,190.68,0.381,"[(105.0, 237.0), (152.3, 243.3), (232.3, 243.0), (312.3, 195.5), (392.3, 158.6), (439.0, 140.6), (439.0, 141.3), (439.0, 161.0), (439.0, 197.7), (439.0, 237.4), (439.0, 277.1), (439.0, 316.7), (439.0, 356.4)]",0,1.72
speedrunner,meatboy,7,Saw,2,0,208.94,0.381,"[(105.0, 237.0), (152.3, 243.3), (232.3, 189.9), (312.3, 155.3), (392.3, 139.6), (439.0, 142.8), (439.0, 164.7), (439.0, 202.6), (439.0, 242.3), (439.0, 282.0), (439.0, 321.7), (439.0, 361.4)]",0,1.57
speedrunner,meatboy,7,Saw,1,0,373.21,0.381,"[(105.0, 237.0), (109.0, 243.3), (172.3, 243.0), (252.3, 243.9), (327.0, 259.2), (406.2, 293.4), (439.0, 346.4)]",0,0.88
speedrunner,meatboy,7,Saw,2,0,208.94,0.381,"[(105.0, 237.0), (152.3, 243.3), (232.3, 189.9), (312.3, 155.3), (392.3, 139.6), (439.0, 142.8), (439.0, 164.7), (439.0, 202.6), (439.0, 242.3), (439.0, 282.0), (439.0, 321.7), (439.0, 361.4)]",0,1.57
speedrunner,meatboy,7,Saw,1,0,190.68,0.381,"[(105.0, 237.0), (152.3, 243.3), (232.3, 243.0), (312.3, 195.5), (392.3, 158.6), (439.0, 140.6), (439.0, 141.3), (439.0, 161.0), (439.0, 197.7), (439.0, 237.4), (439.0, 277.1), (439.0, 316.7), (439.0, 356.4)]",0,1.72
speedrunner,meatboy,7,Saw,1,0,190.68,0.381,"[(105.0, 237.0), (152.3, 243.3), (232.3, 243.0), (312.3, 195.5), (392.3, 158.6), (439.0, 140.6), (439.0, 141.3), (439.0, 161.0), (439.0, 197.7), (439.0, 237.4), (439.0, 277.1), (439.0, 316.7), (439.0, 356.4)]",0,1.72
speedrunner,meatboy,7,Stuck,21,0,10.86,0.091,"[(105.0, 237.0), (113.0, 243.3), (123.3, 243.0), (131.1, 235.6), (73.4, 184.5), (51.3, 151.0), (126.0, 147.2), (128.7, 171.9), (58.0, 215.5), (49.1, 243.3), (61.1, 243.0), (57.2, 221.7), (61.7, 173.6), (131.0, 111.5), (123.0, 85.1), (105.0, 87.4), (105.0, 108.7), (67.7, 148.7), (61.7, 172.7), (131.0, 110.7), (123.0, 84.2), (105.0, 86.6), (105.0, 107.8), (67.7, 147.9), (61.7, 171.8), (131.0, 109.8), (123.0, 94.1), (105.0, 101.2), (91.7, 127.1), (53.0, 171.9), (72.0, 182.2), (134.7, 122.6), (116.0, 81.7), (105.0, 83.2), (105.0, 107.9), (67.7, 151.5), (61.7, 178.1), (131.0, 116.1), (123.0, 77.0), (105.0, 87.6), (103.7, 117.0), (47.7, 165.3), (82.3, 160.8), (137.0, 103.5), (107.7, 77.9), (105.0, 93.2), (97.0, 127.4), (42.3, 180.4), (103.0, 144.7), (137.7, 92.1), (105.0, 79.9)]",0,6.73
speedrunner,meatboy,7,Saw,2,0,190.68,0.381,"[(105.0, 237.0), (152.3, 243.3), (232.3, 243.0), (312.3, 195.5), (392.3, 158.6), (439.0, 140.6), (439.0, 141.3), (439.0, 161.0), (439.0, 197.7), (439.0, 237.4), (439.0, 277.1), (439.0, 316.7), (439.0, 356.4)]",0,1.72
speedrunner,meatboy,7,Saw,2,0,186.67,0.381,"[(105.0, 237.0), (152.3, 243.3), (220.7, 243.0), (223.1, 214.2), (284.8, 170.3), (364.8, 145.1), (439.0, 138.8), (439.0, 151.4), (439.0, 182.8), (439.0, 222.5), (439.0, 262.2), (439.0, 301.9), (439.0, 341.6), (439.0, 381.2)]",0,1.77
speedrunner,meatboy,7,Saw,1,0,192.55,0.381,"[(105.0, 237.0), (152.3, 243.3), (232.3, 243.0), (312.3, 189.6), (392.3, 155.0), (439.0, 139.3), (439.0, 142.5), (439.0, 164.4), (439.0, 202.3), (439.0, 242.0), (439.0, 281.7), (439.0, 321.4), (439.0, 361.1)]",0,1.7
speedrunner,meatboy,7,Success,2,0,443.87,0.861,"[(105.0, 237.0), (152.3, 243.3), (232.3, 236.2), (312.3, 185.1), (392.3, 152.9), (408.0, 115.1), (345.3, 55.5), (364.0, 14.7), (442.0, -7.3), (522.0, -10.5), (602.0, 5.3), (682.0, 39.8), (762.0, 93.2), (842.0, 165.5), (922.0, 243.3)]",0,1.98
speedrunner,meatboy,7,Saw,1,0,194.46,0.381,"[(105.0, 237.0), (152.3, 243.3), (232.3, 236.2), (312.3, 185.1), (392.3, 152.9), (439.0, 139.6), (439.0, 145.1), (439.0, 169.4), (439.0, 208.2), (439.0, 247.9), (439.0, 287.6), (439.0, 327.3), (439.0, 366.9)]",0,1.68
speedrunner,meatboy,7,Saw,1,0,376.23,0.381,"[(105.0, 237.0), (109.0, 243.3), (171.3, 243.0), (251.3, 243.9), (327.1, 259.2), (392.1, 293.4), (439.0, 346.4)]",0,0.88
speedrunner,meatboy,7,Stuck,0,0,12.41,0.171,"[(105.0, 237.0), (127.8, 243.3), (132.2, 243.0), (135.9, 243.9), (139.7, 243.3), (143.5, 243.0), (147.3, 243.9), (151.1, 243.3), (154.8, 243.0), (158.6, 243.9), (162.4, 243.3), (166.2, 243.0), (169.9, 243.9), (173.7, 243.3), (177.5, 243.0), (181.3, 243.9), (185.1, 243.3), (188.8, 243.0), (192.6, 243.9), (196.4, 243.3), (196.8, 243.0), (196.8, 243.9), (196.8, 243.3), (196.8, 243.0), (196.8, 243.9), (196.8, 243.3), (196.8, 243.0), (196.8, 243.9), (196.8, 243.3), (196.8, 243.0), (196.8, 243.9), (196.8, 243.3), (196.8, 243.0), (196.8, 243.9), (196.8, 243.3), (196.8, 243.0), (196.8, 243.9), (196.8, 243.3), (196.8, 243.0), (196.8, 243.9), (196.8, 243.3), (196.8, 243.0), (196.8, 243.9), (196.8, 243.3), (196.8, 243.0), (196.8, 243.9), (196.8, 243.3), (196.8, 243.0), (196.8, 243.9), (196.8, 243.3), (196.8, 243.0), (196.8, 243.9), (196.8, 243.3), (196.8, 243.0), (196.8, 243.9), (196.8, 243.3)]",0,7.4
speedrunner,meatboy,7,Saw,2,0,194.46,0.381,"[(105.0, 237.0), (152.3, 243.3), (232.3, 236.2), (312.3, 185.1), (392.3, 152.9), (439.0, 139.6), (439.0, 145.1), (439.0, 169.4), (439.0, 208.2), (439.0, 247.9), (439.0, 287.6), (439.0, 327.3), (439.0, 366.9)]",0,1.68
speedrunner,meatboy,7,Saw,2,0,302.15,0.381,"[(105.0, 237.0), (152.3, 243.3), (232.3, 236.2), (312.3, 226.8), (392.3, 236.2), (439.0, 264.5), (439.0, 304.1), (439.0, 343.8), (439.0, 383.5)]",0,1.08
speedrunner,meatboy,7,Success,7,0,354.52,0.855,"[(105.0, 237.0), (146.4, 228.1), (225.2, 194.3), (305.2, 194.3), (385.2, 213.2), (418.3, 221.3), (349.0, 159.2), (357.0, 149.8), (432.0, 159.3), (368.0, 102.4), (344.0, 67.8), (402.0, 67.9), (482.0, 86.7), (560.1, 107.3), (639.4, 90.6), (719.4, 97.7), (799.4, 123.7), (878.6, 168.4), (957.8, 232.1)]",0,2.45
speedrunner,meatboy,7,Saw,1,0,231.06,0.381,"[(105.0, 237.0), (152.3, 243.3), (232.3, 243.0), (312.3, 195.5), (392.3, 158.6), (439.0, 140.6), (439.0, 141.3), (439.0, 161.0), (439.0, 199.4), (439.0, 256.7), (439.0, 332.9)]",0,1.42
speedrunner,meatboy,7,Saw,1,0,190.68,0.381,"[(105.0, 237.0), (152.3, 243.3), (232.3, 243.0), (312.3, 195.5), (392.3, 158.6), (439.0, 140.6), (439.0, 141.3), (439.0, 161.0), (439.0, 197.7), (439.0, 237.4), (439.0, 277.1), (439.0, 316.7), (439.0, 356.4)]",0,1.72
speedrunner,meatboy,7,Saw,0,0,370.57,0.381,"[(105.0, 237.0), (152.3, 243.3), (232.3, 243.0), (312.3, 253.6), (392.3, 283.0), (439.0, 325.9), (439.0, 365.6)]",0,0.88
speedrunner,meatboy,7,Saw,0,0,370.57,0.381,"[(105.0, 237.0), (152.3, 243.3), (232.3, 243.0), (312.3, 253.6), (392.3, 283.0), (439.0, 325.9), (439.0, 365.6)]",0,0.88
speedrunner,meatboy,7,Saw,0,0,344.14,0.381,"[(105.0, 237.0), (146.0, 243.3), (174.3, 243.0), (237.7, 243.9), (317.7, 259.2), (397.7, 293.4), (439.0, 339.2), (439.0, 378.8)]",0,0.97
speedrunner,meatboy,7,Success,2,0,403.21,0.861,"[(105.0, 237.0), (152.3, 243.3), (232.3, 220.8), (312.3, 174.4), (392.3, 146.9), (439.0, 138.3), (439.0, 148.5), (368.0, 91.7), (344.0, 41.4), (402.0, 10.0), (482.0, -2.5), (562.0, 3.8), (642.0, 28.9), (722.0, 72.9), (802.0, 135.7), (882.0, 217.4), (962.0, 243.9)]",0,2.18
speedrunner,meatboy,7,Success,2,0,443.87,0.861,"[(105.0, 237.0), (152.3, 243.3), (232.3, 236.2), (312.3, 185.1), (392.3, 152.9), (408.0, 115.1), (345.3, 55.5), (364.0, 14.7), (442.0, -7.3), (522.0, -10.5), (602.0, 5.3), (682.0, 39.8), (762.0, 93.2), (842.0, 165.5), (922.0, 243.3)]",0,1.98
speedrunner,meatboy,7,Success,2,0,403.21,0.861,"[(105.0, 237.0), (152.3, 243.3), (232.3, 220.8), (312.3, 174.4), (392.3, 146.9), (439.0, 138.3), (439.0, 148.5), (368.0, 91.7), (344.0, 41.4), (402.0, 10.0), (482.0, -2.5), (562.0, 3.8), (642.0, 28.9), (722.0, 72.9), (802.0, 135.7), (882.0, 217.4), (962.0, 243.9)]",0,2.18
speedrunner,meatboy,7,Success,7,0,354.52,0.855,"[(105.0, 237.0), (146.4, 228.1), (225.2, 194.3), (305.2, 194.3), (385.2, 213.2), (418.3, 221.3), (349.0, 159.2), (357.0, 149.8), (432.0, 159.3), (368.0, 102.4), (344.0, 67.8), (402.0, 67.9), (482.0, 86.7), (560.1, 107.3), (639.4, 90.6), (719.4, 97.7), (799.4, 123.7), (878.6, 168.4), (957.8, 232.1)]",0,2.45
speedrunner,meatboy,7,Saw,1,0,370.57,0.381,"[(105.0, 237.0), (152.3, 243.3), (232.3, 243.0), (312.3, 253.6), (392.3, 283.0), (439.0, 325.9), (439.0, 365.6)]",0,0.88
speedrunner,meatboy,7,Saw,1,0,192.55,0.381,"[(105.0, 237.0), (152.3, 243.3), (232.3, 243.0), (312.3, 189.6), (392.3, 155.0), (439.0, 139.3), (439.0, 142.5), (439.0, 164.4), (439.0, 202.3), (439.0, 242.0), (439.0, 281.7), (439.0, 321.4), (439.0, 361.1)]",0,1.7
speedrunner,meatboy,7,Saw,0,0,376.98,0.381,"[(105.0, 237.0), (148.3, 243.3), (228.0, 243.0), (308.0, 253.6), (388.0, 283.0), (439.0, 327.4), (439.0, 367.1)]",0,0.88
speedrunner,meatboy,7,Saw,1,0,192.55,0.381,"[(105.0, 237.0), (152.3, 243.3), (232.3, 243.0), (312.3, 189.6), (392.3, 155.0), (439.0, 139.3), (439.0, 142.5), (439.0, 164.4), (439.0, 202.3), (439.0, 242.0), (439.0, 281.7), (439.0, 321.4), (439.0, 361.1)]",0,1.7
speedrunner,meatboy,7,Stuck,1,0,-11.67,0.036,"[(105.0, 237.0), (143.2, 243.3), (115.2, 243.0), (41.0, 243.9), (41.0, 243.3), (41.0, 243.0), (41.0, 243.9), (41.0, 243.3), (41.0, 243.0), (41.0, 243.9), (41.0, 243.3), (41.0, 243.0), (41.0, 243.9), (41.0, 243.3), (41.0, 243.0), (41.0, 243.9), (41.0, 243.3), (41.0, 243.0), (41.0, 243.9), (41.0, 243.3), (41.0, 243.0), (41.0, 243.9), (41.0, 243.3), (41.0, 243.0), (41.0, 243.9), (41.0, 243.3), (41.0, 243.0), (41.0, 243.9), (41.0, 243.3), (41.0, 243.0), (41.0, 243.9), (41.0, 243.3), (41.0, 243.0), (41.0, 243.9), (41.0, 243.3), (41.0, 243.0), (41.0, 243.9), (41.0, 243.3), (41.0, 243.0)]",0,5.1
speedrunner,meatboy,7,Saw,1,0,194.46,0.381,"[(105.0, 237.0), (152.3, 243.3), (232.3, 236.2), (312.3, 185.1), (392.3, 152.9), (439.0, 139.6), (439.0, 145.1), (439.0, 169.4), (439.0, 208.2), (439.0, 247.9), (439.0, 287.6), (439.0, 327.3), (439.0, 366.9)]",0,1.68
speedrunner,meatboy,7,Saw,6,0,350.71,0.381,"[(105.0, 237.0), (152.3, 233.3), (232.3, 226.2), (312.3, 238.0), (392.3, 268.7), (439.0, 312.3), (439.0, 352.0), (439.0, 391.7)]",0,0.93
speedrunner,meatboy,7,Saw,1,0,192.55,0.381,"[(105.0, 237.0), (152.3, 243.3), (232.3, 243.0), (312.3, 189.6), (392.3, 155.0), (439.0, 139.3), (439.0, 142.5), (439.0, 164.4), (439.0, 202.3), (439.0, 242.0), (439.0, 281.7), (439.0, 321.4), (439.0, 361.1)]",0,1.7
speedrunner,meatboy,7,Stuck,13,0,42.14,0.358,"[(105.0, 237.0), (146.4, 228.1), (225.2, 194.3), (305.2, 194.3), (385.2, 213.2), (418.3, 228.1), (349.0, 221.1), (357.0, 232.9), (432.0, 263.5), (368.0, 234.4), (344.0, 234.4), (402.0, 253.3), (397.7, 240.4), (343.0, 233.3), (372.3, 245.1), (428.7, 261.5), (354.0, 234.8), (351.3, 239.6), (422.0, 263.2), (377.0, 239.0), (342.3, 236.7), (392.0, 253.2), (408.0, 245.9), (345.3, 236.5), (364.0, 245.9), (439.0, 274.2), (360.3, 238.9), (347.0, 241.3), (412.0, 262.5), (387.3, 237.4), (342.0, 230.3), (382.0, 242.1), (418.3, 244.9), (349.0, 235.5), (357.0, 244.9), (432.0, 273.2), (368.0, 230.1), (344.0, 225.4), (402.0, 239.5), (397.7, 238.6), (343.0, 236.2), (372.3, 252.7)]",0,5.53
speedrunner,meatboy,7,Success,7,0,354.52,0.855,"[(105.0, 237.0), (146.4, 228.1), (225.2, 194.3), (305.2, 194.3), (385.2, 213.2), (418.3, 221.3), (349.0, 159.2), (357.0, 149.8), (432.0, 159.3), (368.0, 102.4), (344.0, 67.8), (402.0, 67.9), (482.0, 86.7), (560.1, 107.3), (639.4, 90.6), (719.4, 97.7), (799.4, 123.7), (878.6, 168.4), (957.8, 232.1)]",0,2.45
speedrunner,meatboy,7,Saw,1,0,196.4,0.381,"[(105.0, 237.0), (152.3, 243.3), (232.3, 236.2), (312.3, 185.1), (392.3, 152.9), (439.0, 141.0), (439.0, 148.1), (439.0, 174.0), (439.0, 213.2), (439.0, 252.9), (439.0, 292.6), (439.0, 332.3), (439.0, 372.0)]",0,1.67
speedrunner,meatboy,7,Success,2,0,443.87,0.861,"[(105.0, 237.0), (152.3, 243.3), (232.3, 236.2), (312.3, 185.1), (392.3, 152.9), (408.0, 115.1), (345.3, 55.5), (364.0, 14.7), (442.0, -7.3), (522.0, -10.5), (602.0, 5.3), (682.0, 39.8), (762.0, 93.2), (842.0, 165.5), (922.0, 243.3)]",0,1.98
speedrunner,meatboy,7,Success,2,0,443.87,0.861,"[(105.0, 237.0), (152.3, 243.3), (232.3, 243.0), (312.3, 195.5), (392.3, 158.6), (408.0, 119.4), (345.3, 59.7), (364.0, 18.9), (442.0, -1.5), (522.0, -1.5), (602.0, 17.4), (682.0, 55.1), (762.0, 111.6), (842.0, 187.0), (922.0, 243.9)]",0,1.98
speedrunner,meatboy,7,Saw,2,0,311.75,0.381,"[(105.0, 237.0), (152.3, 243.3), (232.3, 231.2), (312.3, 226.5), (392.3, 240.6), (439.0, 273.5), (439.0, 313.1), (439.0, 352.8)]",0,1.05
speedrunner,meatboy,7,Saw,2,0,211.18,0.381,"[(105.0, 237.0), (152.3, 235.3), (232.3, 184.3), (312.3, 152.1), (392.3, 138.7), (439.0, 144.2), (439.0, 168.5), (439.0, 207.3), (439.0, 247.0), (439.0, 286.7), (439.0, 326.4), (439.0, 366.1)]",0,1.55
speedrunner,meatboy,7,Success,7,0,355.68,0.857,"[(105.0, 237.0), (146.4, 228.1), (225.2, 194.3), (305.2, 194.3), (385.2, 213.2), (418.3, 221.3), (349.0, 159.2), (357.0, 149.8), (432.0, 159.3), (368.0, 102.4), (344.0, 67.8), (402.0, 67.9), (482.0, 86.7), (560.1, 107.3), (639.4, 90.6), (719.4, 97.7), (799.4, 123.7), (879.2, 168.4), (959.2, 232.1)]",0,2.45
speedrunner,meatboy,7,Saw,4,0,168.61,0.381,"[(105.0, 237.0), (146.4, 228.1), (225.2, 194.3), (305.2, 194.3), (385.2, 213.2), (418.3, 221.3), (349.0, 159.2), (357.0, 143.6), (432.0, 150.7), (439.0, 176.6), (439.0, 215.8), (439.0, 255.5), (439.0, 295.2), (439.0, 334.8), (439.0, 374.5)]",0,1.92
speedrunner,meatboy,7,Success,2,0,443.87,0.861,"[(105.0, 237.0), (152.3, 243.3), (232.3, 236.2), (312.3, 185.1), (392.3, 152.9), (408.0, 115.1), (345.3, 55.5), (364.0, 14.7), (442.0, -7.3), (522.0, -10.5), (602.0, 5.3), (682.0, 39.8), (762.0, 93.2), (842.0, 165.5), (922.0, 243.3)]",0,1.98
speedrunner,meatboy,7,Success,2,0,443.87,0.861,"[(105.0, 237.0), (152.3, 243.3), (232.3, 236.2), (312.3, 185.1), (392.3, 152.9), (408.0, 115.1), (345.3, 55.5), (364.0, 14.7), (442.0, -7.3), (522.0, -10.5), (602.0, 5.3), (682.0, 39.8), (762.0, 93.2), (842.0, 165.5), (922.0, 243.3)]",0,1.98
speedrunner,meatboy,7,Success,2,0,443.87,0.861,"[(105.0, 237.0), (152.3, 243.3), (232.3, 243.0), (312.3, 195.5), (392.3, 158.6), (408.0, 119.4), (345.3, 59.7), (364.0, 18.9), (442.0, -1.5), (522.0, -1.5), (602.0, 17.4), (682.0, 55.1), (762.0, 111.6), (842.0, 187.0), (922.0, 243.9)]",0,1.98
speedrunner,meatboy,7,Saw,2,0,202.47,0.381,"[(105.0, 237.0), (152.3, 243.3), (232.3, 207.7), (312.3, 166.1), (392.3, 143.3), (439.0, 139.4), (439.0, 154.3), (439.0, 187.8), (439.0, 227.4), (439.0, 267.1), (439.0, 306.8), (439.0, 346.5), (439.0, 386.2)]",0,1.62
speedrunner,meatboy,7,Stuck,1,0,-8.81,0.038,"[(105.0, 237.0), (133.2, 243.3), (123.4, 243.0), (110.1, 243.9), (96.7, 243.3), (79.9, 243.0), (63.0, 243.9), (46.0, 243.3), (47.4, 243.0), (49.6, 243.9), (52.4, 243.3), (45.6, 243.0), (42.4, 243.9), (44.6, 243.3), (42.4, 243.0), (44.6, 243.9), (47.4, 243.3), (48.2, 243.0), (50.4, 243.9), (53.2, 243.3), (42.3, 243.0), (43.2, 243.9), (42.3, 243.3), (43.2, 243.0), (45.3, 243.9), (48.1, 243.3), (48.9, 243.0), (51.1, 243.9), (47.3, 243.3), (43.1, 243.0), (43.9, 243.9), (43.1, 243.3), (43.9, 243.0), (46.1, 243.9), (48.8, 243.3), (49.7, 243.0), (51.8, 243.9), (44.0, 243.3), (43.8, 243.0)]",0,5.1
speedrunner,meatboy,7,Success,2,0,436.83,0.861,"[(105.0, 237.0), (143.2, 243.3), (212.9, 243.0), (292.9, 195.5), (372.9, 158.6), (428.7, 132.4), (354.0, 68.0), (351.3, 22.5), (422.0, -4.2), (502.0, -12.0), (582.0, -1.0), (662.0, 28.8), (742.0, 77.5), (822.0, 145.0), (902.0, 231.4), (982.0, 243.0)]",0,2.02
speedrunner,meatboy,7,Success,2,0,443.87,0.861,"[(105.0, 237.0), (152.3, 243.3), (232.3, 243.0), (312.3, 195.5), (392.3, 158.6), (408.0, 119.4), (345.3, 59.7), (364.0, 18.9), (442.0, -1.5), (522.0, -1.5), (602.0, 17.4), (682.0, 55.1), (762.0, 111.6), (842.0, 187.0), (922.0, 243.9)]",0,1.98
speedrunner,meatboy,7,Success,2,0,403.21,0.861,"[(105.0, 237.0), (152.3, 243.3), (232.3, 220.8), (312.3, 174.4), (392.3, 146.9), (439.0, 138.3), (439.0, 148.5), (368.0, 91.7), (344.0, 41.4), (402.0, 10.0), (482.0, -2.5), (562.0, 3.8), (642.0, 28.9), (722.0, 72.9), (802.0, 135.7), (882.0, 217.4), (962.0, 243.9)]",0,2.18
speedrunner,meatboy,7,Saw,0,0,370.57,0.381,"[(105.0, 237.0), (152.3, 243.3), (232.3, 243.0), (312.3, 253.6), (392.3, 283.0), (439.0, 325.9), (439.0, 365.6)]",0,0.88
speedrunner,meatboy,7,Success,6,0,443.87,0.861,"[(105.0, 237.0), (152.3, 243.3), (232.3, 207.7), (312.3, 166.1), (392.3, 149.8), (408.0, 123.3), (345.3, 63.7), (364.0, 22.8), (442.0, 2.4), (522.0, 2.5), (602.0, 21.3), (682.0, 59.0), (762.0, 115.6), (842.0, 191.0), (922.0, 236.2)]",0,1.98
speedrunner,meatboy,7,Saw,1,0,224.21,0.381,"[(105.0, 237.0), (143.8, 228.1), (165.6, 179.4), (225.8, 149.5), (273.8, 138.5), (308.5, 146.4), (351.2, 173.1), (417.8, 218.6), (439.0, 265.3), (439.0, 305.0), (439.0, 344.7), (439.0, 384.4)]",0,1.48
speedrunner,meatboy,7,Stuck,1,0,-12.48,0.036,"[(105.0, 237.0), (117.7, 243.3), (99.8, 243.0), (78.6, 243.9), (60.6, 243.3), (42.4, 243.0), (41.0, 243.9), (41.0, 243.3), (41.0, 243.0), (41.0, 243.9), (41.0, 243.3), (41.0, 243.0), (41.0, 243.9), (41.0, 243.3), (41.0, 243.0), (41.0, 243.9), (41.0, 243.3), (41.0, 243.0), (41.0, 243.9), (41.0, 243.3), (41.0, 243.0), (41.0, 243.9), (41.0, 243.3), (41.0, 243.0), (41.0, 243.9), (41.0, 243.3), (41.0, 243.0), (41.0, 243.9), (41.0, 243.3), (41.0, 243.0), (41.0, 243.9), (41.0, 243.3), (41.0, 243.0), (41.0, 243.9), (41.0, 243.3), (41.0, 243.0), (41.0, 243.9), (41.0, 243.3)]",0,5.02
speedrunner,meatboy,7,Success,2,0,412.66,0.861,"[(105.0, 237.0), (152.3, 243.3), (232.3, 243.0), (312.3, 195.5), (392.3, 158.6), (439.0, 146.1), (418.3, 131.2), (349.0, 69.2), (357.0, 26.0), (432.0, 1.7), (512.0, -3.8), (592.0, 9.5), (672.0, 41.7), (752.0, 92.8), (832.0, 162.7), (912.0, 243.0), (992.0, 243.9)]",0,2.13
speedrunner,meatboy,7,Saw,3,0,182.52,0.381,"[(105.0, 237.0), (152.3, 228.1), (232.3, 211.7), (312.3, 218.8), (392.3, 244.7), (418.3, 263.9), (349.0, 256.8), (357.0, 268.6), (432.0, 299.3), (368.0, 286.2), (344.0, 291.0), (402.0, 314.6), (439.0, 353.3)]",0,1.72
speedrunner,meatboy,7,Success,2,0,443.87,0.861,"[(105.0, 237.0), (152.3, 243.3), (232.3, 243.0), (312.3, 195.5), (392.3, 158.6), (408.0, 119.4), (345.3, 59.7), (364.0, 18.9), (442.0, -1.5), (522.0, -1.5), (602.0, 17.4), (682.0, 55.1), (762.0, 111.6), (842.0, 187.0), (922.0, 243.9)]",0,1.98
speedrunner,meatboy,7,Saw,0,0,370.57,0.381,"[(105.0, 237.0), (152.3, 243.3), (232.3, 243.0), (312.3, 253.6), (392.3, 283.0), (439.0, 325.9), (439.0, 365.6)]",0,0.88
speedrunner,meatboy,7,Success,2,0,393.4,0.859,"[(105.0, 237.0), (138.4, 243.3), (212.9, 243.0), (292.9, 195.5), (372.9, 158.6), (439.0, 140.6), (439.0, 141.3), (397.7, 113.1), (343.0, 55.8), (372.3, 17.3), (452.0, -2.3), (532.0, -3.1), (612.0, 15.0), (692.0, 51.9), (772.0, 107.6), (850.8, 182.2), (929.7, 243.9)]",0,2.23
speedrunner,meatboy,7,Saw,10,0,93.45,0.381,"[(105.0, 237.0), (146.4, 228.1), (225.2, 194.3), (305.2, 194.3), (385.2, 213.2), (418.3, 221.3), (349.0, 159.2), (357.0, 149.8), (432.0, 159.3), (368.0, 127.5), (344.0, 127.5), (402.0, 146.4), (397.7, 133.5), (343.0, 126.4), (372.3, 138.2), (428.7, 154.6), (354.0, 120.2), (351.3, 122.6), (422.0, 143.8), (439.0, 181.3), (439.0, 221.0), (439.0, 260.7), (439.0, 300.4), (439.0, 340.1), (439.0, 379.8)]",0,3.23
speedrunner,meatboy,7,Saw,3,0,293.13,0.381,"[(105.0, 237.0), (152.3, 235.3), (232.3, 200.4), (312.3, 200.4), (392.3, 219.3), (439.0, 255.5), (439.0, 295.2), (439.0, 334.9), (439.0, 374.6)]",0,1.12
speedrunner,meatboy,7,Success,13,0,223.2,0.855,"[(105.0, 237.0), (146.4, 228.1), (225.2, 194.3), (305.2, 194.3), (385.2, 213.2), (418.3, 221.3), (349.0, 159.2), (357.0, 149.8), (432.0, 159.3), (368.0, 127.5), (344.0, 127.5), (402.0, 146.4), (397.7, 133.5), (343.0, 126.4), (372.3, 138.2), (428.7, 154.6), (354.0, 120.2), (351.3, 122.6), (422.0, 143.8), (377.0, 100.2), (342.3, 59.4), (392.0, 57.1), (472.0, 73.6), (552.0, 108.9), (629.4, 99.2), (709.4, 101.6), (789.4, 122.8), (868.6, 162.9), (948.4, 221.8)]",0,3.8
speedrunner,meatboy,7,Success,2,0,443.87,0.861,"[(105.0, 237.0), (152.3, 243.3), (232.3, 243.0), (312.3, 195.5), (392.3, 158.6), (408.0, 119.4), (345.3, 59.7), (364.0, 18.9), (442.0, -1.5), (522.0, -1.5), (602.0, 17.4), (682.0, 55.1), (762.0, 111.6), (842.0, 187.0), (922.0, 243.9)]",0,1.98
speedrunner,meatboy,7,Success,2,0,443.87,0.861,"[(105.0, 237.0), (152.3, 243.3), (232.3, 236.2), (312.3, 185.1), (392.3, 152.9), (408.0, 115.1), (345.3, 55.5), (364.0, 14.7), (442.0, -7.3), (522.0, -10.5), (602.0, 5.3), (682.0, 39.8), (762.0, 93.2), (842.0, 165.5), (922.0, 243.3)]",0,1.98
speedrunner,meatboy,7,Success,6,0,443.87,0.861,"[(105.0, 237.0), (152.3, 243.3), (232.3, 207.7), (312.3, 166.1), (392.3, 149.8), (408.0, 123.3), (345.3, 63.7), (364.0, 22.8), (442.0, 2.4), (522.0, 2.5), (602.0, 21.3), (682.0, 59.0), (762.0, 115.6), (842.0, 191.0), (922.0, 236.2)]",0,1.98
speedrunner,meatboy,7,Saw,2,0,272.78,0.381,"[(105.0, 237.0), (152.3, 243.3), (232.3, 243.0), (312.3, 214.0), (392.3, 214.0), (439.0, 232.9), (439.0, 269.1), (439.0, 308.8), (439.0, 348.5), (439.0, 388.2)]",0,1.2
speedrunner,meatboy,7,Success,2,0,443.87,0.861,"[(105.0, 237.0), (152.3, 243.3), (232.3, 243.0), (312.3, 195.5), (392.3, 158.6), (408.0, 118.3), (345.3, 58.6), (364.0, 17.8), (442.0, -2.6), (522.0, -2.6), (602.0, 16.3), (682.0, 54.0), (762.0, 110.6), (842.0, 186.0), (922.0, 243.9)]",0,1.98
speedrunner,meatboy,7,Success,2,0,443.87,0.861,"[(105.0, 237.0), (152.3, 243.3), (232.3, 243.0), (312.3, 189.6), (392.3, 155.0), (408.0, 115.8), (345.3, 56.1), (364.0, 15.3), (442.0, -6.7), (522.0, -9.8), (602.0, 5.9), (682.0, 40.5), (762.0, 93.9), (842.0, 166.1), (922.0, 243.3)]",0,1.98
speedrunner,meatboy,7,Success,2,0,443.87,0.861,"[(105.0, 237.0), (152.3, 243.3), (232.3, 236.2), (312.3, 185.1), (392.3, 152.9), (408.0, 115.1), (345.3, 55.5), (364.0, 14.7), (442.0, -7.3), (522.0, -10.5), (602.0, 5.3), (682.0, 39.8), (762.0, 93.2), (842.0, 165.5), (922.0, 243.3)]",0,1.98
speedrunner,meatboy,7,Saw,1,0,176.46,0.381,"[(105.0, 237.0), (146.0, 243.3), (181.3, 243.0), (218.0, 243.9), (287.3, 208.3), (367.3, 166.7), (439.0, 143.9), (439.0, 140.0), (439.0, 154.9), (439.0, 188.3), (439.0, 228.0), (439.0, 267.7), (439.0, 307.4), (439.0, 347.1), (439.0, 386.8)]",0,1.88
speedrunner,meatboy,7,Success,2,0,443.87,0.861,"[(105.0, 237.0), (152.3, 243.3), (232.3, 236.2), (312.3, 185.1), (392.3, 152.9), (408.0, 115.1), (345.3, 55.5), (364.0, 14.7), (442.0, -7.3), (522.0, -10.5), (602.0, 5.3), (682.0, 39.8), (762.0, 93.2), (842.0, 165.5), (922.0, 243.3)]",0,1.98
speedrunner,meatboy,7,Saw,1,0,219.28,0.381,"[(105.0, 237.0), (136.1, 243.3), (158.1, 243.0), (188.4, 227.9), (263.9, 179.2), (343.9, 149.4), (423.9, 138.4), (439.0, 146.2), (439.0, 172.9), (439.0, 218.4), (439.0, 282.8), (439.0, 366.0)]",0,1.5
speedrunner,meatboy,7,Success,2,0,443.87,0.861,"[(105.0, 237.0), (152.3, 243.3), (232.3, 236.2), (312.3, 185.1), (392.3, 152.9), (408.0, 115.1), (345.3, 55.5), (364.0, 14.7), (442.0, -7.3), (522.0, -10.5), (602.0, 5.3), (682.0, 39.8), (762.0, 93.2), (842.0, 165.5), (922.0, 243.3)]",0,1.98
speedrunner,meatboy,7,Success,3,0,432.95,0.861,"[(105.0, 237.0), (152.3, 243.3), (232.3, 207.7), (312.3, 166.1), (392.3, 147.3), (439.0, 149.6), (360.3, 82.9), (347.0, 35.0), (412.0, 6.0), (492.0, -4.2), (572.0, 4.4), (652.0, 31.9), (732.0, 78.2), (812.0, 143.4), (892.0, 227.4), (972.0, 243.0)]",0,2.03
speedrunner,meatboy,7,Success,2,0,443.87,0.861,"[(105.0, 237.0), (152.3, 243.3), (232.3, 243.0), (312.3, 195.5), (392.3, 158.6), (408.0, 119.4), (345.3, 59.7), (364.0, 18.9), (442.0, -1.5), (522.0, -1.5), (602.0, 17.4), (682.0, 55.1), (762.0, 111.6), (842.0, 187.0), (922.0, 243.9)]",0,1.98
speedrunner,meatboy,7,Saw,0,0,370.57,0.381,"[(105.0, 237.0), (152.3, 243.3), (232.3, 243.0), (312.3, 253.6), (392.3, 283.0), (439.0, 325.9), (439.0, 365.6)]",0,0.88
speedrunner,meatboy,7,Stuck,8,0,133.04,0.964,"[(105.0, 237.0), (152.3, 243.3), (232.3, 243.0), (312.3, 195.5), (392.3, 158.6), (408.0, 121.1), (345.3, 61.4), (364.0, 24.9), (442.0, 20.2), (522.0, 34.4), (602.0, 67.4), (682.0, 119.2), (762.0, 189.9), (823.0, 272.2), (744.3, 205.4), (731.0, 157.5), (796.0, 128.9), (876.0, 121.8), (956.0, 133.6), (1036.0, 164.3), (1111.0, 213.8), (1111.0, 243.3), (1111.0, 243.0), (1111.0, 243.9), (1111.0, 243.3), (1111.0, 243.0), (1111.0, 243.9), (1111.0, 243.3), (1111.0, 243.0), (1111.0, 243.9), (1111.0, 243.3), (1111.0, 243.0), (1111.0, 243.9), (1111.0, 243.3), (1111.0, 243.0), (1111.0, 243.9), (1111.0, 243.3), (1111.0, 243.0), (1111.0, 243.9), (1111.0, 243.3), (1111.0, 243.0), (1111.0, 243.9), (1111.0, 243.3), (1111.0, 243.0), (1111.0, 243.9), (1111.0, 243.3), (1111.0, 243.0), (1111.0, 243.9), (1111.0, 243.3), (1111.0, 243.0), (1111.0, 243.9), (1111.0, 243.3), (1111.0, 243.0), (1111.0, 243.9), (1111.0, 243.3), (1111.0, 243.0), (1111.0, 243.9)]",0,7.47
speedrunner,meatboy,7,Saw,1,0,198.38,0.381,"[(105.0, 237.0), (152.3, 243.3), (232.3, 243.0), (312.3, 195.5), (392.3, 158.6), (439.0, 146.1), (439.0, 153.2), (439.0, 179.1), (439.0, 218.3), (439.0, 258.0), (439.0, 297.7), (439.0, 337.4), (439.0, 377.1)]",0,1.65
speedrunner,meatboy,7,Success,2,0,443.87,0.861,"[(105.0, 237.0), (152.3, 243.3), (232.3, 236.2), (312.3, 185.1), (392.3, 152.9), (408.0, 115.1), (345.3, 55.5), (364.0, 14.7), (442.0, -7.3), (522.0, -10.5), (602.0, 5.3), (682.0, 39.8), (762.0, 93.2), (842.0, 165.5), (922.0, 243.3)]",0,1.98
speedrunner,meatboy,7,Saw,1,0,196.4,0.381,"[(105.0, 237.0), (152.3, 243.3), (232.3, 236.2), (312.3, 185.1), (392.3, 152.9), (439.0, 141.0), (439.0, 148.1), (439.0, 174.0), (439.0, 213.2), (439.0, 252.9), (439.0, 292.6), (439.0, 332.3), (439.0, 372.0)]",0,1.67
speedrunner,meatboy,7,Success,2,0,443.87,0.861,"[(105.0, 237.0), (152.3, 243.3), (232.3, 236.2), (312.3, 185.1), (392.3, 152.9), (408.0, 115.1), (345.3, 55.5), (364.0, 14.7), (442.0, -7.3), (522.0, -10.5), (602.0, 5.3), (682.0, 39.8), (762.0, 93.2), (842.0, 165.5), (922.0, 243.3)]",0,1.98
speedrunner,meatboy,7,Saw,1,0,190.68,0.381,"[(105.0, 237.0), (152.3, 243.3), (232.3, 243.0), (312.3, 195.5), (392.3, 158.6), (439.0, 140.6), (439.0, 141.3), (439.0, 161.0), (439.0, 197.7), (439.0, 237.4), (439.0, 277.1), (439.0, 316.7), (439.0, 356.4)]",0,1.72
speedrunner,meatboy,7,Success,2,0,443.87,0.861,"[(105.0, 237.0), (152.3, 243.3), (232.3, 236.2), (312.3, 185.1), (392.3, 152.9), (408.0, 115.1), (345.3, 55.5), (364.0, 14.7), (442.0, -7.3), (522.0, -10.5), (602.0, 5.3), (682.0, 39.8), (762.0, 93.2), (842.0, 165.5), (922.0, 243.3)]",0,1.98
speedrunner,meatboy,7,Success,2,0,443.87,0.861,"[(105.0, 237.0), (152.3, 243.3), (232.3, 236.2), (312.3, 185.1), (392.3, 152.9), (408.0, 115.1), (345.3, 55.5), (364.0, 14.7), (442.0, -7.3), (522.0, -10.5), (602.0, 5.3), (682.0, 39.8), (762.0, 93.2), (842.0, 165.5), (922.0, 243.3)]",0,1.98
speedrunner,meatboy,7,Success,2,0,443.87,0.861,"[(105.0, 237.0), (152.3, 243.3), (232.3, 236.2), (312.3, 185.1), (392.3, 152.9), (408.0, 115.1), (345.3, 55.5), (364.0, 14.7), (442.0, -7.3), (522.0, -10.5), (602.0, 5.3), (682.0, 39.8), (762.0, 93.2), (842.0, 165.5), (922.0, 243.3)]",0,1.98
speedrunner,meatboy,7,Success,3,0,394.18,0.861,"[(105.0, 237.0), (152.3, 243.3), (232.3, 243.0), (312.3, 195.5), (392.3, 158.6), (439.0, 140.6), (439.0, 141.3), (397.7, 113.1), (343.0, 55.8), (372.3, 17.3), (452.0, -0.4), (532.0, 2.0), (612.0, 23.2), (692.0, 63.3), (772.0, 122.2), (852.0, 200.0), (932.0, 243.3)]",0,2.23
speedrunner,meatboy,7,Saw,1,0,370.57,0.381,"[(105.0, 237.0), (152.3, 243.3), (232.3, 243.0), (312.3, 253.6), (392.3, 283.0), (439.0, 325.9), (439.0, 365.6)]",0,0.88
speedrunner,meatboy,7,Success,2,0,400.15,0.861,"[(105.0, 237.0), (152.3, 243.3), (232.3, 236.2), (312.3, 185.1), (392.3, 152.9), (439.0, 139.6), (439.0, 145.1), (377.0, 97.6), (342.3, 45.0), (392.0, 11.2), (472.0, -3.7), (552.0, 0.2), (632.0, 23.0), (712.0, 64.6), (792.0, 125.1), (872.0, 204.4), (952.0, 243.3)]",0,2.2
speedrunner,meatboy,7,Success,4,0,443.87,0.861,"[(105.0, 237.0), (152.3, 243.3), (232.3, 243.0), (312.3, 189.6), (392.3, 155.0), (408.0, 115.8), (345.3, 56.1), (364.0, 15.3), (442.0, -5.1), (522.0, -5.1), (602.0, 13.8), (682.0, 51.5), (762.0, 108.1), (842.0, 183.5), (922.0, 243.9)]",0,1.98
speedrunner,meatboy,7,Success,4,0,443.87,0.861,"[(105.0, 237.0), (152.3, 243.3), (232.3, 243.0), (312.3, 189.6), (392.3, 155.0), (408.0, 115.8), (345.3, 56.1), (364.0, 15.3), (442.0, -5.1), (522.0, -5.1), (602.0, 13.8), (682.0, 51.5), (762.0, 108.1), (842.0, 183.5), (922.0, 243.9)]",0,1.98
speedrunner,meatboy,7,Success,4,0,443.87,0.861,"[(105.0, 237.0), (152.3, 243.3), (232.3, 236.2), (312.3, 185.1), (392.3, 152.9), (408.0, 115.1), (345.3, 55.5), (364.0, 14.7), (442.0, -5.7), (522.0, -5.7), (602.0, 13.1), (682.0, 50.9), (762.0, 107.4), (842.0, 182.8), (922.0, 243.9)]",0,1.98
speedrunner,meatboy,7,Success,2,0,443.87,0.861,"[(105.0, 237.0), (152.3, 243.3), (232.3, 236.2), (312.3, 185.1), (392.3, 152.9), (408.0, 115.1), (345.3, 55.5), (364.0, 14.7), (442.0, -7.3), (522.0, -10.5), (602.0, 5.3), (682.0, 39.8), (762.0, 93.2), (842.0, 165.5), (922.0, 243.3)]",0,1.98
speedrunner,meatboy,7,Success,3,0,443.45,0.861,"[(105.0, 237.0), (152.3, 243.3), (232.3, 243.0), (312.2, 195.5), (392.2, 158.6), (408.0, 119.4), (345.3, 59.7), (364.0, 18.9), (441.5, -1.5), (521.5, -1.5), (601.3, 17.4), (681.3, 55.1), (761.3, 111.6), (841.3, 187.0), (921.3, 243.9)]",0,1.98
speedrunner,meatboy,7,Success,3,0,443.19,0.86,"[(105.0, 237.0), (152.3, 243.3), (232.3, 243.0), (312.3, 189.6), (392.3, 155.0), (408.0, 115.8), (345.3, 56.1), (364.0, 15.3), (440.7, -6.7), (520.7, -9.8), (600.7, 5.9), (680.7, 40.5), (760.7, 93.9), (840.7, 166.1), (920.7, 243.3)]",0,1.98
speedrunner,meatboy,7,Success,2,0,443.87,0.861,"[(105.0, 237.0), (152.3, 243.3), (232.3, 243.0), (312.3, 195.5), (392.3, 158.6), (408.0, 119.4), (345.3, 59.7), (364.0, 18.9), (442.0, 2.8), (522.0, 7.5), (602.0, 31.1), (682.0, 73.5), (762.0, 134.8), (842.0, 214.9), (922.0, 243.9)]",0,1.98
speedrunner,meatboy,7,Success,3,0,443.87,0.861,"[(105.0, 237.0), (152.3, 243.3), (232.3, 236.2), (312.3, 185.1), (392.3, 152.9), (408.0, 115.1), (345.3, 55.5), (364.0, 14.7), (442.0, -7.3), (522.0, -10.5), (602.0, 5.3), (682.0, 39.8), (762.0, 93.2), (842.0, 165.5), (922.0, 243.3)]",0,1.98
speedrunner,meatboy,7,Success,2,0,443.87,0.861,"[(105.0, 237.0), (152.3, 243.3), (232.3, 236.2), (312.3, 185.1), (392.3, 152.9), (408.0, 115.1), (345.3, 55.5), (364.0, 14.7), (442.0, -7.3), (522.0, -10.5), (602.0, 5.3), (682.0, 39.8), (762.0, 93.2), (842.0, 165.5), (922.0, 243.3)]",0,1.98
speedrunner,meatboy,7,Success,2,0,428.23,0.861,"[(105.0, 237.0), (146.0, 243.3), (188.3, 243.0), (267.0, 221.7), (347.0, 175.3), (427.0, 147.8), (377.0, 92.1), (342.3, 39.5), (392.0, 5.7), (472.0, -9.2), (552.0, -5.2), (632.0, 17.5), (712.0, 59.2), (792.0, 119.6), (872.0, 198.9), (952.0, 243.3)]",0,2.07
speedrunner,meatboy,7,Success,2,0,443.87,0.861,"[(105.0, 237.0), (152.3, 243.3), (232.3, 243.0), (312.3, 195.5), (392.3, 158.6), (408.0, 119.4), (345.3, 59.7), (364.0, 18.9), (442.0, -1.5), (522.0, -1.5), (602.0, 17.4), (682.0, 55.1), (762.0, 111.6), (842.0, 187.0), (922.0, 243.9)]",0,1.98
speedrunner,meatboy,7,Saw,4,0,174.73,0.381,"[(105.0, 237.0), (152.3, 243.3), (232.3, 243.0), (312.3, 253.6), (392.3, 283.0), (408.0, 283.8), (345.3, 224.1), (364.0, 190.7), (439.0, 188.3), (439.0, 204.8), (439.0, 239.5), (439.0, 279.2), (439.0, 318.9), (439.0, 358.6)]",0,1.83
speedrunner,meatboy,7,Success,2,0,443.19,0.86,"[(105.0, 237.0), (152.3, 243.3), (232.3, 236.2), (312.3, 185.1), (392.3, 152.9), (408.0, 115.1), (345.3, 55.5), (364.0, 14.7), (440.7, -7.3), (520.7, -10.5), (600.7, 5.3), (680.7, 39.8), (760.7, 93.2), (840.7, 165.5), (920.7, 243.3)]",0,1.98
speedrunner,meatboy,7,Success,2,0,443.87,0.861,"[(105.0, 237.0), (152.3, 243.3), (232.3, 236.2), (312.3, 185.1), (392.3, 152.9), (408.0, 115.1), (345.3, 55.5), (364.0, 14.7), (442.0, -7.3), (522.0, -10.5), (602.0, 5.3), (682.0, 39.8), (762.0, 93.2), (842.0, 165.5), (922.0, 243.3)]",0,1.98
speedrunner,meatboy,7,Success,2,0,443.87,0.861,"[(105.0, 237.0), (152.3, 243.3), (232.3, 236.2), (312.3, 185.1), (392.3, 152.9), (408.0, 115.1), (345.3, 55.5), (364.0, 14.7), (442.0, -7.3), (522.0, -10.5), (602.0, 5.3), (682.0, 39.8), (762.0, 93.2), (842.0, 165.5), (922.0, 243.3)]",0,1.98
speedrunner,meatboy,7,Success,2,0,443.19,0.86,"[(105.0, 237.0), (152.3, 243.3), (232.3, 236.2), (312.3, 185.1), (392.3, 152.9), (408.0, 115.1), (345.3, 55.5), (364.0, 14.7), (440.7, -7.3), (520.7, -10.5), (600.7, 5.3), (680.7, 39.8), (760.7, 93.2), (840.7, 165.5), (920.7, 243.3)]",0,1.98
speedrunner,meatboy,7,Success,2,0,443.87,0.861,"[(105.0, 237.0), (152.3, 243.3), (232.3, 243.0), (312.3, 195.5), (392.3, 158.6), (408.0, 119.4), (345.3, 59.7), (364.0, 18.9), (442.0, -1.5), (522.0, -1.5), (602.0, 17.4), (682.0, 55.1), (762.0, 111.6), (842.0, 187.0), (922.0, 243.9)]",0,1.98
speedrunner,meatboy,7,Success,3,0,443.87,0.861,"[(105.0, 237.0), (152.3, 243.3), (232.3, 236.2), (312.3, 185.1), (392.3, 152.9), (408.0, 115.1), (345.3, 55.5), (364.0, 14.7), (442.0, -7.3), (522.0, -10.5), (602.0, 5.3), (682.0, 39.8), (762.0, 93.2), (842.0, 165.5), (922.0, 243.3)]",0,1.98
speedrunner,meatboy,7,Success,4,0,443.87,0.861,"[(105.0, 237.0), (152.3, 243.3), (232.3, 243.0), (312.3, 189.6), (392.3, 155.0), (408.0, 115.8), (345.3, 56.1), (364.0, 15.3), (442.0, -5.1), (522.0, -5.1), (602.0, 13.8), (682.0, 51.5), (762.0, 108.1), (842.0, 183.5), (922.0, 243.9)]",0,1.98
speedrunner,meatboy,7,Success,3,0,443.87,0.861,"[(105.0, 237.0), (152.3, 243.3), (232.3, 236.2), (312.3, 185.1), (392.3, 152.9), (408.0, 115.1), (345.3, 55.5), (364.0, 14.7), (442.0, -7.3), (522.0, -10.5), (602.0, 5.3), (682.0, 39.8), (762.0, 93.2), (842.0, 165.5), (922.0, 243.3)]",0,1.98
speedrunner,meatboy,7,Success,4,0,443.87,0.861,"[(105.0, 237.0), (152.3, 243.3), (232.3, 243.0), (312.3, 189.6), (392.3, 155.0), (408.0, 115.8), (345.3, 56.1), (364.0, 15.3), (442.0, -5.1), (522.0, -5.1), (602.0, 13.8), (682.0, 51.5), (762.0, 108.1), (842.0, 183.5), (922.0, 243.9)]",0,1.98
speedrunner,meatboy,7,Success,3,0,400.15,0.861,"[(105.0, 237.0), (152.3, 243.3), (232.3, 236.2), (312.3, 185.1), (392.3, 152.9), (439.0, 139.6), (439.0, 145.1), (377.0, 97.6), (342.3, 45.0), (392.0, 11.2), (472.0, -0.9), (552.0, 6.2), (632.0, 32.1), (712.0, 76.9), (792.0, 140.5), (872.0, 223.0), (952.0, 243.0)]",0,2.2
speedrunner,meatboy,7,Success,2,0,443.87,0.861,"[(105.0, 237.0), (152.3, 243.3), (232.3, 236.2), (312.3, 185.1), (392.3, 152.9), (408.0, 115.1), (345.3, 55.5), (364.0, 14.7), (442.0, -7.3), (522.0, -10.5), (602.0, 5.3), (682.0, 39.8), (762.0, 93.2), (842.0, 165.5), (922.0, 243.3)]",0,1.98
speedrunner,meatboy,7,Success,2,0,443.87,0.861,"[(105.0, 237.0), (152.3, 243.3), (232.3, 236.2), (312.3, 185.1), (392.3, 152.9), (408.0, 115.1), (345.3, 55.5), (364.0, 14.7), (442.0, -7.3), (522.0, -10.5), (602.0, 5.3), (682.0, 39.8), (762.0, 93.2), (842.0, 165.5), (922.0, 243.3)]",0,1.98
speedrunner,meatboy,7,Success,5,0,443.87,0.861,"[(105.0, 237.0), (152.3, 243.3), (232.3, 243.0), (312.3, 195.5), (392.3, 158.6), (408.0, 118.3), (345.3, 58.6), (364.0, 17.8), (442.0, -2.6), (522.0, -2.6), (602.0, 16.3), (682.0, 54.0), (762.0, 110.6), (842.0, 186.0), (922.0, 243.9)]",0,1.98
speedrunner,meatboy,7,Success,2,0,436.45,0.861,"[(105.0, 237.0), (143.2, 243.3), (199.4, 243.0), (279.4, 202.1), (359.4, 162.8), (439.4, 142.4), (360.8, 75.6), (347.4, 27.8), (412.4, -1.3), (492.4, -11.5), (572.4, -2.8), (652.4, 24.6), (732.4, 71.0), (812.4, 136.2), (892.4, 220.2), (972.4, 243.0)]",0,2.03
speedrunner,meatboy,7,Success,2,0,443.87,0.861,"[(105.0, 237.0), (152.3, 243.3), (232.3, 243.0), (312.3, 195.5), (392.3, 158.6), (408.0, 119.4), (345.3, 59.7), (364.0, 18.9), (442.0, -1.5), (522.0, -1.5), (602.0, 17.4), (682.0, 55.1), (762.0, 111.6), (842.0, 187.0), (922.0, 243.9)]",0,1.98
speedrunner,meatboy,7,Success,2,0,443.87,0.861,"[(105.0, 237.0), (152.3, 243.3), (232.3, 236.2), (312.3, 185.1), (392.3, 152.9), (408.0, 115.1), (345.3, 55.5), (364.0, 14.7), (442.0, -7.3), (522.0, -10.5), (602.0, 5.3), (682.0, 39.8), (762.0, 93.2), (842.0, 165.5), (922.0, 243.3)]",0,1.98
speedrunner,meatboy,7,Success,4,0,443.87,0.861,"[(105.0, 237.0), (152.3, 243.3), (232.3, 243.0), (312.3, 189.6), (392.3, 155.0), (408.0, 115.8), (345.3, 56.1), (364.0, 15.3), (442.0, -5.1), (522.0, -5.1), (602.0, 13.8), (682.0, 51.5), (762.0, 108.1), (842.0, 183.5), (922.0, 243.9)]",0,1.98
speedrunner,meatboy,7,Stuck,0,0,4.82,0.113,"[(105.0, 237.0), (129.0, 243.3), (129.8, 243.0), (129.8, 243.9), (129.8, 243.3), (129.8, 243.0), (129.8, 243.9), (129.8, 243.3), (129.8, 243.0), (129.8, 243.9), (129.8, 243.3), (129.8, 243.0), (129.8, 243.9), (129.8, 243.3), (129.8, 243.0), (129.8, 243.9), (129.8, 243.3), (129.8, 243.0), (129.8, 243.9), (129.8, 243.3), (129.8, 243.0), (129.8, 243.9), (129.8, 243.3), (129.8, 243.0), (129.8, 243.9), (129.8, 243.3), (129.8, 243.0), (129.8, 243.9), (129.8, 243.3), (129.8, 243.0), (129.8, 243.9), (129.8, 243.3), (129.8, 243.0), (129.8, 243.9), (129.8, 243.3), (129.8, 243.0), (129.8, 243.9), (129.8, 243.3), (129.8, 243.0)]",0,5.13
speedrunner,meatboy,7,Success,2,0,443.87,0.861,"[(105.0, 237.0), (152.3, 243.3), (232.3, 243.0), (312.3, 189.6), (392.3, 155.0), (408.0, 115.8), (345.3, 56.1), (364.0, 15.3), (442.0, -6.7), (522.0, -9.8), (602.0, 5.9), (682.0, 40.5), (762.0, 93.9), (842.0, 166.1), (922.0, 243.3)]",0,1.98
speedrunner,meatboy,7,Success,2,0,443.87,0.861,"[(105.0, 237.0), (152.3, 243.3), (232.3, 236.2), (312.3, 185.1), (392.3, 152.9), (408.0, 115.1), (345.3, 55.5), (364.0, 14.7), (442.0, -7.3), (522.0, -10.5), (602.0, 5.3), (682.0, 39.8), (762.0, 93.2), (842.0, 165.5), (922.0, 243.3)]",0,1.98
speedrunner,meatboy,7,Success,2,0,421.8,0.86,"[(105.0, 237.0), (146.0, 243.3), (188.3, 243.0), (251.6, 235.6), (331.6, 184.5), (411.6, 152.3), (387.3, 102.7), (342.0, 47.7), (382.0, 11.6), (461.5, -3.3), (541.5, 1.5), (621.3, 25.0), (701.3, 67.5), (781.3, 128.7), (861.2, 208.8), (941.2, 243.3)]",0,2.08
speedrunner,meatboy,7,Success,4,0,443.87,0.861,"[(105.0, 237.0), (152.3, 243.3), (232.3, 236.2), (312.3, 185.1), (392.3, 152.9), (408.0, 115.1), (345.3, 55.5), (364.0, 14.7), (442.0, -5.7), (522.0, -5.7), (602.0, 13.1), (682.0, 50.9), (762.0, 107.4), (842.0, 182.8), (922.0, 243.9)]",0,1.98
speedrunner,meatboy,7,Success,4,0,443.87,0.861,"[(105.0, 237.0), (152.3, 243.3), (232.3, 236.2), (312.3, 185.1), (392.3, 152.9), (408.0, 115.1), (345.3, 55.5), (364.0, 14.7), (442.0, -5.7), (522.0, -5.7), (602.0, 13.1), (682.0, 50.9), (762.0, 107.4), (842.0, 182.8), (922.0, 243.9)]",0,1.98
speedrunner,meatboy,7,Success,2,0,443.87,0.861,"[(105.0, 237.0), (152.3, 243.3), (232.3, 236.2), (312.3, 185.1), (392.3, 152.9), (408.0, 115.1), (345.3, 55.5), (364.0, 14.7), (442.0, -7.3), (522.0, -10.5), (602.0, 5.3), (682.0, 39.8), (762.0, 93.2), (842.0, 165.5), (922.0, 243.3)]",0,1.98
speedrunner,meatboy,7,Success,2,0,443.87,0.861,"[(105.0, 237.0), (152.3, 243.3), (232.3, 243.0), (312.3, 189.6), (392.3, 155.0), (408.0, 115.8), (345.3, 56.1), (364.0, 15.3), (442.0, -6.7), (522.0, -9.8), (602.0, 5.9), (682.0, 40.5), (762.0, 93.9), (842.0, 166.1), (922.0, 243.3)]",0,1.98
speedrunner,meatboy,7,Success,4,0,443.87,0.861,"[(105.0, 237.0), (152.3, 243.3), (232.3, 236.2), (312.3, 185.1), (392.3, 152.9), (408.0, 115.1), (345.3, 55.5), (364.0, 14.7), (442.0, -5.7), (522.0, -5.7), (602.0, 13.1), (682.0, 50.9), (762.0, 107.4), (842.0, 182.8), (922.0, 243.9)]",0,1.98
speedrunner,meatboy,7,Saw,0,0,377.74,0.381,"[(105.0, 237.0), (152.3, 243.3), (228.7, 243.0), (308.7, 253.6), (388.7, 283.0), (439.0, 327.4), (439.0, 367.1)]",0,0.88
speedrunner,meatboy,7,Success,2,0,443.87,0.861,"[(105.0, 237.0), (152.3, 243.3), (232.3, 236.2), (312.3, 185.1), (392.3, 152.9), (408.0, 115.1), (345.3, 55.5), (364.0, 14.7), (442.0, -7.3), (522.0, -10.5), (602.0, 5.3), (682.0, 39.8), (762.0, 93.2), (842.0, 165.5), (922.0, 243.3)]",0,1.98
speedrunner,meatboy,7,Saw,1,0,189.9,0.381,"[(105.0, 237.0), (152.3, 243.3), (232.3, 243.0), (311.0, 195.5), (391.0, 158.6), (439.0, 140.6), (439.0, 141.3), (439.0, 161.0), (439.0, 197.7), (439.0, 237.4), (439.0, 277.1), (439.0, 316.7), (439.0, 356.4)]",0,1.72
speedrunner,meatboy,7,Success,4,0,443.87,0.861,"[(105.0, 237.0), (152.3, 243.3), (232.3, 243.0), (312.3, 189.6), (392.3, 155.0), (408.0, 115.8), (345.3, 56.1), (364.0, 15.3), (442.0, -5.1), (522.0, -5.1), (602.0, 13.8), (682.0, 51.5), (762.0, 108.1), (842.0, 183.5), (922.0, 243.9)]",0,1.98
speedrunner,meatboy,7,Success,3,0,443.87,0.861,"[(105.0, 237.0), (152.3, 243.3), (232.3, 243.0), (312.3, 189.6), (392.3, 155.0), (408.0, 115.8), (345.3, 56.1), (364.0, 15.3), (442.0, -5.1), (522.0, -5.1), (602.0, 13.8), (682.0, 51.5), (762.0, 108.1), (842.0, 183.5), (922.0, 243.9)]",0,1.98
speedrunner,meatboy,7,Success,2,0,443.87,0.861,"[(105.0, 237.0), (152.3, 243.3), (232.3, 243.0), (312.3, 189.6), (392.3, 155.0), (408.0, 115.8), (345.3, 56.1), (364.0, 15.3), (442.0, -6.7), (522.0, -9.8), (602.0, 5.9), (682.0, 40.5), (762.0, 93.9), (842.0, 166.1), (922.0, 243.3)]",0,1.98
speedrunner,meatboy,7,Success,2,0,443.87,0.861,"[(105.0, 237.0), (152.3, 243.3), (232.3, 236.2), (312.3, 185.1), (392.3, 152.9), (408.0, 115.1), (345.3, 55.5), (364.0, 14.7), (442.0, -7.3), (522.0, -10.5), (602.0, 5.3), (682.0, 39.8), (762.0, 93.2), (842.0, 165.5), (922.0, 243.3)]",0,1.98
speedrunner,meatboy,7,Success,2,0,443.87,0.861,"[(105.0, 237.0), (152.3, 243.3), (232.3, 243.0), (312.3, 195.5), (392.3, 158.6), (408.0, 119.4), (345.3, 59.7), (364.0, 18.9), (442.0, -1.5), (522.0, -1.5), (602.0, 17.4), (682.0, 55.1), (762.0, 111.6), (842.0, 187.0), (922.0, 243.9)]",0,1.98
speedrunner,meatboy,7,Success,4,0,443.87,0.861,"[(105.0, 237.0), (152.3, 243.3), (232.3, 236.2), (312.3, 185.1), (392.3, 152.9), (408.0, 115.1), (345.3, 55.5), (364.0, 14.7), (442.0, -5.7), (522.0, -5.7), (602.0, 13.1), (682.0, 50.9), (762.0, 107.4), (842.0, 182.8), (922.0, 243.9)]",0,1.98
speedrunner,meatboy,7,Success,4,0,443.19,0.86,"[(105.0, 237.0), (152.3, 243.3), (232.3, 243.0), (312.3, 189.6), (392.3, 155.0), (408.0, 115.8), (345.3, 56.1), (364.0, 15.3), (440.7, -5.1), (520.7, -5.1), (600.7, 13.8), (680.7, 51.5), (760.7, 108.1), (840.7, 183.5), (920.7, 243.9)]",0,1.98
speedrunner,meatboy,7,Success,2,0,443.87,0.861,"[(105.0, 237.0), (152.3, 243.3), (232.3, 236.2), (312.3, 185.1), (392.3, 152.9), (408.0, 115.1), (345.3, 55.5), (364.0, 14.7), (442.0, -7.3), (522.0, -10.5), (602.0, 5.3), (682.0, 39.8), (762.0, 93.2), (842.0, 165.5), (922.0, 243.3)]",0,1.98
speedrunner,meatboy,7,Success,3,0,443.87,0.861,"[(105.0, 237.0), (152.3, 243.3), (232.3, 243.0), (312.3, 189.6), (392.3, 155.0), (408.0, 115.8), (345.3, 56.1), (364.0, 15.3), (442.0, -6.7), (522.0, -9.8), (602.0, 5.9), (682.0, 40.5), (762.0, 93.9), (842.0, 166.1), (922.0, 243.3)]",0,1.98
speedrunner,meatboy,7,Success,2,0,443.19,0.86,"[(105.0, 237.0), (152.3, 243.3), (232.3, 236.2), (312.3, 185.1), (392.3, 152.9), (408.0, 115.1), (345.3, 55.5), (364.0, 14.7), (440.7, -7.3), (520.7, -10.5), (600.7, 5.3), (680.7, 39.8), (760.7, 93.2), (840.7, 165.5), (920.7, 243.3)]",0,1.98
speedrunner,meatboy,7,Success,3,0,400.15,0.861,"[(105.0, 237.0), (152.3, 243.3), (232.3, 236.2), (312.3, 185.1), (392.3, 152.9), (439.0, 139.6), (439.0, 145.1), (377.0, 97.6), (342.3, 45.0), (392.0, 11.2), (472.0, -3.7), (552.0, 0.2), (632.0, 23.0), (712.0, 64.6), (792.0, 125.1), (872.0, 204.4), (952.0, 243.3)]",0,2.2
speedrunner,meatboy,7,Success,2,0,443.87,0.861,"[(105.0, 237.0), (152.3, 243.3), (232.3, 243.0), (312.3, 195.5), (392.3, 158.6), (408.0, 119.4), (345.3, 59.7), (364.0, 18.9), (442.0, -1.5), (522.0, -1.5), (602.0, 17.4), (682.0, 55.1), (762.0, 111.6), (842.0, 187.0), (922.0, 243.9)]",0,1.98
speedrunner,meatboy,7,Success,2,0,443.87,0.861,"[(105.0, 237.0), (152.3, 243.3), (232.3, 236.2), (312.3, 185.1), (392.3, 152.9), (408.0, 115.1), (345.3, 55.5), (364.0, 14.7), (442.0, -7.3), (522.0, -10.5), (602.0, 5.3), (682.0, 39.8), (762.0, 93.2), (842.0, 165.5), (922.0, 243.3)]",0,1.98
speedrunner,meatboy,7,Success,2,0,443.87,0.861,"[(105.0, 237.0), (152.3, 243.3), (232.3, 236.2), (312.3, 185.1), (392.3, 152.9), (408.0, 115.1), (345.3, 55.5), (364.0, 14.7), (442.0, -7.3), (522.0, -10.5), (602.0, 5.3), (682.0, 39.8), (762.0, 93.2), (842.0, 165.5), (922.0, 243.3)]",0,1.98
speedrunner,meatboy,7,Success,2,0,443.87,0.861,"[(105.0, 237.0), (152.3, 243.3), (232.3, 243.0), (312.3, 195.5), (392.3, 158.6), (408.0, 119.4), (345.3, 59.7), (364.0, 18.9), (442.0, -1.5), (522.0, -1.5), (602.0, 17.4), (682.0, 55.1), (762.0, 111.6), (842.0, 187.0), (922.0, 243.9)]",0,1.98
speedrunner,meatboy,7,Success,2,0,443.19,0.86,"[(105.0, 237.0), (152.3, 243.3), (232.3, 236.2), (312.3, 185.1), (392.3, 152.9), (408.0, 115.1), (345.3, 55.5), (364.0, 14.7), (440.7, -7.3), (520.7, -10.5), (600.7, 5.3), (680.7, 39.8), (760.7, 93.2), (840.7, 165.5), (920.7, 243.3)]",0,1.98
speedrunner,meatboy,7,Success,2,0,443.87,0.861,"[(105.0, 237.0), (152.3, 243.3), (232.3, 236.2), (312.3, 185.1), (392.3, 152.9), (408.0, 115.1), (345.3, 55.5), (364.0, 14.7), (442.0, -7.3), (522.0, -10.5), (602.0, 5.3), (682.0, 39.8), (762.0, 93.2), (842.0, 165.5), (922.0, 243.3)]",0,1.98
speedrunner,meatboy,7,Success,3,0,403.21,0.861,"[(105.0, 237.0), (152.3, 243.3), (232.3, 236.2), (312.3, 185.1), (392.3, 152.9), (439.0, 141.0), (439.0, 148.1), (368.0, 90.9), (344.0, 40.6), (402.0, 9.2), (482.0, -0.2), (562.0, 9.3), (642.0, 37.5), (722.0, 84.7), (802.0, 150.7), (882.0, 235.5), (962.0, 243.3)]",0,2.18
speedrunner,meatboy,7,Success,2,0,400.15,0.861,"[(105.0, 237.0), (152.3, 243.3), (232.3, 236.2), (312.3, 185.1), (392.3, 152.9), (439.0, 139.6), (439.0, 145.1), (377.0, 97.6), (342.3, 45.0), (392.0, 11.2), (472.0, -3.7), (552.0, 0.2), (632.0, 23.0), (712.0, 64.6), (792.0, 125.1), (872.0, 204.4), (952.0, 243.3)]",0,2.2
speedrunner,meatboy,7,Success,2,0,443.87,0.861,"[(105.0, 237.0), (152.3, 243.3), (232.3, 236.2), (312.3, 185.1), (392.3, 152.9), (408.0, 115.1), (345.3, 55.5), (364.0, 14.7), (442.0, -7.3), (522.0, -10.5), (602.0, 5.3), (682.0, 39.8), (762.0, 93.2), (842.0, 165.5), (922.0, 243.3)]",0,1.98
speedrunner,meatboy,7,Success,4,0,443.87,0.861,"[(105.0, 237.0), (152.3, 243.3), (232.3, 236.2), (312.3, 185.1), (392.3, 152.9), (408.0, 115.1), (345.3, 55.5), (364.0, 14.7), (442.0, -5.7), (522.0, -5.7), (602.0, 13.1), (682.0, 50.9), (762.0, 107.4), (842.0, 182.8), (922.0, 243.9)]",0,1.98
speedrunner,meatboy,7,Success,3,0,393.58,0.86,"[(105.0, 237.0), (152.3, 243.3), (232.3, 236.2), (312.3, 185.1), (392.3, 152.9), (439.0, 139.6), (439.0, 145.1), (377.0, 97.6), (342.3, 45.0), (392.0, 11.2), (450.7, -3.7), (530.7, 0.2), (610.7, 23.0), (690.7, 64.6), (770.7, 125.1), (850.7, 204.4), (930.7, 243.3)]",0,2.23
speedrunner,meatboy,7,Saw,1,0,194.46,0.381,"[(105.0, 237.0), (152.3, 243.3), (232.3, 236.2), (312.3, 185.1), (392.3, 152.9), (439.0, 139.6), (439.0, 145.1), (439.0, 169.4), (439.0, 208.2), (439.0, 247.9), (439.0, 287.6), (439.0, 327.3), (439.0, 366.9)]",0,1.68
speedrunner,meatboy,7,Success,2,0,443.87,0.861,"[(105.0, 237.0), (152.3, 243.3), (232.3, 236.2), (312.3, 185.1), (392.3, 152.9), (408.0, 115.1), (345.3, 55.5), (364.0, 14.7), (442.0, -7.3), (522.0, -10.5), (602.0, 5.3), (682.0, 39.8), (762.0, 93.2), (842.0, 165.5), (922.0, 243.3)]",0,1.98
speedrunner,meatboy,7,Success,3,0,400.15,0.861,"[(105.0, 237.0), (152.3, 243.3), (232.3, 236.2), (312.3, 185.1), (392.3, 152.9), (439.0, 139.6), (439.0, 145.1), (377.0, 97.6), (342.3, 45.0), (392.0, 11.2), (472.0, -3.7), (552.0, 0.2), (632.0, 23.0), (712.0, 64.6), (792.0, 125.1), (872.0, 204.4), (952.0, 243.3)]",0,2.2
speedrunner,meatboy,7,Success,3,0,443.87,0.861,"[(105.0, 237.0), (152.3, 243.3), (232.3, 236.2), (312.3, 185.1), (392.3, 152.9), (408.0, 115.1), (345.3, 55.5), (364.0, 14.7), (442.0, -7.3), (522.0, -10.5), (602.0, 5.3), (682.0, 39.8), (762.0, 93.2), (842.0, 165.5), (922.0, 243.3)]",0,1.98
speedrunner,meatboy,7,Success,3,0,443.19,0.86,"[(105.0, 237.0), (152.3, 243.3), (232.3, 243.0), (312.3, 189.6), (392.3, 155.0), (408.0, 115.8), (345.3, 56.1), (364.0, 15.3), (440.7, -6.7), (520.7, -9.8), (600.7, 5.9), (680.7, 40.5), (760.7, 93.9), (840.7, 166.1), (920.7, 243.3)]",0,1.98
speedrunner,meatboy,7,Success,4,0,443.87,0.861,"[(105.0, 237.0), (152.3, 243.3), (232.3, 236.2), (312.3, 185.1), (392.3, 152.9), (408.0, 115.1), (345.3, 55.5), (364.0, 14.7), (442.0, -5.7), (522.0, -5.7), (602.0, 13.1), (682.0, 50.9), (762.0, 107.4), (842.0, 182.8), (922.0, 243.9)]",0,1.98
speedrunner,meatboy,7,Success,4,0,443.87,0.861,"[(105.0, 237.0), (152.3, 243.3), (232.3, 243.0), (312.3, 189.6), (392.3, 155.0), (408.0, 115.8), (345.3, 56.1), (364.0, 15.3), (442.0, -5.1), (522.0, -5.1), (602.0, 13.8), (682.0, 51.5), (762.0, 108.1), (842.0, 183.5), (922.0, 243.9)]",0,1.98
speedrunner,meatboy,7,Success,4,0,443.19,0.86,"[(105.0, 237.0), (152.3, 243.3), (232.3, 236.2), (312.3, 185.1), (392.3, 152.9), (408.0, 115.1), (345.3, 55.5), (364.0, 14.7), (440.7, -5.7), (520.7, -5.7), (600.7, 13.1), (680.7, 50.9), (760.7, 107.4), (840.7, 182.8), (920.7, 243.9)]",0,1.98
speedrunner,meatboy,7,Success,4,0,417.72,0.855,"[(105.0, 237.0), (143.2, 243.3), (178.2, 243.0), (246.5, 235.6), (325.9, 184.5), (405.9, 152.3), (397.7, 107.6), (343.0, 50.3), (372.3, 11.8), (446.7, -5.8), (526.7, -3.5), (605.3, 17.8), (685.3, 57.8), (765.3, 116.7), (845.3, 194.5), (925.3, 243.0)]",0,2.1
speedrunner,meatboy,7,Success,2,0,442.33,0.86,"[(105.0, 237.0), (148.3, 243.3), (228.0, 236.2), (308.0, 185.1), (388.0, 152.9), (418.3, 122.7), (349.0, 60.7), (357.0, 17.5), (430.7, -6.8), (510.7, -12.3), (590.7, 1.0), (670.7, 33.2), (750.7, 84.3), (830.7, 154.2), (910.7, 242.9), (990.7, 243.3)]",0,2.0
speedrunner,meatboy,7,Success,2,0,443.87,0.861,"[(105.0, 237.0), (152.3, 243.3), (232.3, 236.2), (312.3, 185.1), (392.3, 152.9), (408.0, 115.1), (345.3, 55.5), (364.0, 14.7), (442.0, -7.3), (522.0, -10.5), (602.0, 5.3), (682.0, 39.8), (762.0, 93.2), (842.0, 165.5), (922.0, 243.3)]",0,1.98
speedrunner,meatboy,7,Success,2,0,443.87,0.861,"[(105.0, 237.0), (152.3, 243.3), (232.3, 236.2), (312.3, 185.1), (392.3, 152.9), (408.0, 115.1), (345.3, 55.5), (364.0, 14.7), (442.0, -7.3), (522.0, -10.5), (602.0, 5.3), (682.0, 39.8), (762.0, 93.2), (842.0, 165.5), (922.0, 243.3)]",0,1.98
speedrunner,meatboy,7,Success,4,0,443.19,0.86,"[(105.0, 237.0), (152.3, 243.3), (232.3, 236.2), (312.3, 185.1), (392.3, 152.9), (408.0, 115.1), (345.3, 55.5), (364.0, 14.7), (440.7, -5.7), (520.7, -5.7), (600.7, 13.1), (680.7, 50.9), (760.7, 107.4), (840.7, 182.8), (920.7, 243.9)]",0,1.98
speedrunner,meatboy,7,Success,4,0,443.87,0.861,"[(105.0, 237.0), (152.3, 243.3), (232.3, 236.2), (312.3, 185.1), (392.3, 152.9), (408.0, 115.1), (345.3, 55.5), (364.0, 14.7), (442.0, -5.7), (522.0, -5.7), (602.0, 13.1), (682.0, 50.9), (762.0, 107.4), (842.0, 182.8), (922.0, 243.9)]",0,1.98
speedrunner,meatboy,7,Success,2,0,421.28,0.86,"[(105.0, 237.0), (143.2, 243.3), (178.2, 243.0), (251.0, 221.7), (331.0, 175.3), (411.0, 147.8), (387.3, 98.5), (342.0, 43.5), (382.0, 7.4), (460.7, -9.9), (540.7, -8.3), (620.7, 12.1), (700.7, 51.4), (780.7, 109.5), (860.7, 186.5), (940.7, 243.0)]",0,2.08
speedrunner,meatboy,7,Success,2,0,443.19,0.86,"[(105.0, 237.0), (152.3, 243.3), (232.3, 236.2), (312.3, 185.1), (392.3, 152.9), (408.0, 115.1), (345.3, 55.5), (364.0, 14.7), (440.7, -7.3), (520.7, -10.5), (600.7, 5.3), (680.7, 39.8), (760.7, 93.2), (840.7, 165.5), (920.7, 243.3)]",0,1.98
speedrunner,meatboy,7,Saw,1,0,194.46,0.381,"[(105.0, 237.0), (152.3, 243.3), (232.3, 236.2), (312.3, 185.1), (392.3, 152.9), (439.0, 139.6), (439.0, 145.1), (439.0, 169.4), (439.0, 208.2), (439.0, 247.9), (439.0, 287.6), (439.0, 327.3), (439.0, 366.9)]",0,1.68
speedrunner,meatboy,7,Success,2,0,402.73,0.861,"[(105.0, 237.0), (148.3, 243.3), (228.0, 236.2), (308.0, 185.1), (388.0, 152.9), (439.0, 139.6), (439.0, 145.1), (377.0, 97.6), (342.3, 45.0), (392.0, 11.2), (472.0, -3.7), (552.0, 0.2), (632.0, 23.0), (712.0, 64.6), (792.0, 125.1), (872.0, 204.4), (952.0, 243.3)]",0,2.2
speedrunner,meatboy,7,Success,2,0,443.87,0.861,"[(105.0, 237.0), (152.3, 243.3), (232.3, 236.2), (312.3, 185.1), (392.3, 152.9), (408.0, 115.1), (345.3, 55.5), (364.0, 14.7), (442.0, -7.3), (522.0, -10.5), (602.0, 5.3), (682.0, 39.8), (762.0, 93.2), (842.0, 165.5), (922.0, 243.3)]",0,1.98
speedrunner,meatboy,7,Success,3,0,400.15,0.861,"[(105.0, 237.0), (152.3, 243.3), (232.3, 236.2), (312.3, 185.1), (392.3, 152.9), (439.0, 139.6), (439.0, 145.1), (377.0, 97.6), (342.3, 45.0), (392.0, 11.2), (472.0, -3.7), (552.0, 0.2), (632.0, 23.0), (712.0, 64.6), (792.0, 125.1), (872.0, 204.4), (952.0, 243.3)]",0,2.2
speedrunner,meatboy,7,Success,3,0,443.87,0.861,"[(105.0, 237.0), (152.3, 243.3), (232.3, 243.0), (312.3, 189.6), (392.3, 155.0), (408.0, 116.4), (345.3, 56.7), (364.0, 15.9), (442.0, -4.5), (522.0, -4.5), (602.0, 14.4), (682.0, 52.1), (762.0, 108.7), (842.0, 184.1), (922.0, 243.9)]",0,1.98
speedrunner,meatboy,7,Success,3,0,443.87,0.861,"[(105.0, 237.0), (152.3, 243.3), (232.3, 243.0), (312.3, 195.5), (392.3, 158.6), (408.0, 117.9), (345.3, 58.2), (364.0, 17.4), (442.0, -3.0), (522.0, -3.0), (602.0, 15.9), (682.0, 53.6), (762.0, 110.2), (842.0, 185.6), (922.0, 243.9)]",0,1.98
speedrunner,meatboy,7,Success,4,0,443.87,0.861,"[(105.0, 237.0), (152.3, 243.3), (232.3, 236.2), (312.3, 185.1), (392.3, 152.9), (408.0, 115.1), (345.3, 55.5), (364.0, 14.7), (442.0, -5.7), (522.0, -5.7), (602.0, 13.1), (682.0, 50.9), (762.0, 107.4), (842.0, 182.8), (922.0, 243.9)]",0,1.98
speedrunner,meatboy,7,Success,3,0,443.19,0.86,"[(105.0, 237.0), (152.3, 243.3), (232.3, 243.0), (312.3, 189.6), (392.3, 155.0), (408.0, 115.8), (345.3, 56.1), (364.0, 15.3), (440.7, -5.1), (520.7, -5.1), (600.7, 13.8), (680.7, 51.5), (760.7, 108.1), (840.7, 183.5), (920.7, 243.9)]",0,1.98
speedrunner,meatboy,7,Saw,1,0,186.37,0.381,"[(105.0, 237.0), (146.0, 243.3), (181.3, 243.0), (254.2, 229.7), (334.2, 181.0), (414.2, 151.1), (439.0, 141.7), (439.0, 151.2), (439.0, 179.5), (439.0, 219.0), (439.0, 258.7), (439.0, 298.4), (439.0, 338.1), (439.0, 377.8)]",0,1.77
speedrunner,meatboy,7,Saw,1,0,194.46,0.381,"[(105.0, 237.0), (152.3, 243.3), (232.3, 236.2), (312.3, 185.1), (392.3, 152.9), (439.0, 139.6), (439.0, 145.1), (439.0, 169.4), (439.0, 208.2), (439.0, 247.9), (439.0, 287.6), (439.0, 327.3), (439.0, 366.9)]",0,1.68
speedrunner,meatboy,7,Success,3,0,400.15,0.861,"[(105.0, 237.0), (152.3, 243.3), (232.3, 236.2), (312.3, 185.1), (392.3, 152.9), (439.0, 139.6), (439.0, 145.1), (377.0, 97.6), (342.3, 45.0), (392.0, 11.2), (472.0, -3.7), (552.0, 0.2), (632.0, 23.0), (712.0, 64.6), (792.0, 125.1), (872.0, 204.4), (952.0, 243.3)]",0,2.2
speedrunner,meatboy,7,Success,2,0,413.57,0.861,"[(105.0, 237.0), (136.1, 243.3), (169.2, 243.0), (225.0, 235.6), (304.4, 184.5), (384.4, 152.3), (418.3, 122.1), (349.0, 60.1), (357.0, 16.9), (432.0, -7.4), (512.0, -12.9), (592.0, 0.4), (672.0, 32.6), (752.0, 83.7), (831.9, 153.6), (911.9, 242.3), (991.9, 243.3)]",0,2.13
speedrunner,meatboy,7,Success,4,0,421.48,0.86,"[(105.0, 237.0), (143.2, 243.3), (178.2, 243.0), (248.4, 221.7), (328.4, 175.3), (408.4, 147.8), (397.7, 105.4), (343.0, 48.1), (372.3, 9.7), (450.7, -8.0), (530.7, -5.6), (610.7, 15.6), (690.7, 55.7), (770.7, 114.6), (850.7, 192.3), (930.7, 243.0)]",0,2.1
speedrunner,meatboy,7,Saw,1,0,195.6,0.381,"[(105.0, 237.0), (152.3, 243.3), (232.3, 243.0), (311.0, 195.5), (391.0, 158.6), (439.0, 143.5), (439.0, 148.3), (439.0, 171.8), (439.0, 210.3), (439.0, 250.0), (439.0, 289.7), (439.0, 329.4), (439.0, 369.1)]",0,1.67
speedrunner,meatboy,7,Success,4,0,443.87,0.861,"[(105.0, 237.0), (152.3, 243.3), (232.3, 236.2), (312.3, 185.1), (392.3, 152.9), (408.0, 115.1), (345.3, 55.5), (364.0, 14.7), (442.0, -5.7), (522.0, -5.7), (602.0, 13.1), (682.0, 50.9), (762.0, 107.4), (842.0, 182.8), (922.0, 243.9)]",0,1.98
speedrunner,meatboy,7,Success,4,0,443.87,0.861,"[(105.0, 237.0), (152.3, 243.3), (232.3, 236.2), (312.3, 185.1), (392.3, 152.9), (408.0, 115.1), (345.3, 55.5), (364.0, 14.7), (442.0, -5.7), (522.0, -5.7), (602.0, 13.1), (682.0, 50.9), (762.0, 107.4), (842.0, 182.8), (922.0, 243.9)]",0,1.98
speedrunner,meatboy,7,Success,3,0,443.87,0.861,"[(105.0, 237.0), (152.3, 243.3), (232.3, 243.0), (312.3, 195.5), (392.3, 158.6), (408.0, 117.9), (345.3, 58.2), (364.0, 17.4), (442.0, -3.0), (522.0, -3.0), (602.0, 15.9), (682.0, 53.6), (762.0, 110.2), (842.0, 185.6), (922.0, 243.9)]",0,1.98
speedrunner,meatboy,7,Success,3,0,443.87,0.861,"[(105.0, 237.0), (152.3, 243.3), (232.3, 243.0), (312.3, 189.6), (392.3, 155.0), (408.0, 116.4), (345.3, 56.7), (364.0, 15.9), (442.0, -4.5), (522.0, -4.5), (602.0, 14.4), (682.0, 52.1), (762.0, 108.7), (842.0, 184.1), (922.0, 243.9)]",0,1.98
speedrunner,meatboy,7,Success,3,0,443.19,0.86,"[(105.0, 237.0), (152.3, 243.3), (232.3, 236.2), (312.3, 185.1), (392.3, 152.9), (408.0, 115.1), (345.3, 55.5), (364.0, 14.7), (440.7, -7.3), (520.7, -10.5), (600.7, 5.3), (680.7, 39.8), (760.7, 93.2), (840.7, 165.5), (920.7, 243.3)]",0,1.98
speedrunner,meatboy,7,Success,3,0,443.19,0.86,"[(105.0, 237.0), (152.3, 243.3), (232.3, 236.2), (312.3, 185.1), (392.3, 152.9), (408.0, 115.1), (345.3, 55.5), (364.0, 14.7), (440.7, -5.7), (520.7, -5.7), (600.7, 13.1), (680.7, 50.9), (760.7, 107.4), (840.7, 182.8), (920.7, 243.9)]",0,1.98
speedrunner,meatboy,7,Success,3,0,394.18,0.861,"[(105.0, 237.0), (152.3, 243.3), (232.3, 243.0), (312.3, 195.5), (392.3, 158.6), (439.0, 140.6), (439.0, 141.3), (397.7, 113.1), (343.0, 55.8), (372.3, 17.3), (452.0, -0.4), (532.0, 2.0), (612.0, 23.2), (692.0, 63.3), (772.0, 122.2), (852.0, 200.0), (932.0, 243.3)]",0,2.23
speedrunner,meatboy,7,Success,4,0,421.28,0.86,"[(105.0, 237.0), (143.2, 243.3), (178.2, 243.0), (251.0, 221.7), (331.0, 175.3), (411.0, 147.8), (387.3, 98.5), (342.0, 43.5), (382.0, 7.4), (460.7, -7.5), (540.7, -2.8), (620.7, 20.8), (700.7, 63.2), (780.7, 124.5), (860.7, 204.6), (940.7, 243.3)]",0,2.08
speedrunner,meatboy,7,Success,4,0,400.15,0.861,"[(105.0, 237.0), (152.3, 243.3), (232.3, 236.2), (312.3, 185.1), (392.3, 152.9), (439.0, 139.6), (439.0, 145.1), (377.0, 97.6), (342.3, 45.0), (392.0, 11.2), (472.0, -3.7), (552.0, 0.2), (632.0, 23.0), (712.0, 64.6), (792.0, 125.1), (872.0, 204.4), (952.0, 243.3)]",0,2.2
speedrunner,meatboy,7,Success,3,0,400.15,0.861,"[(105.0, 237.0), (152.3, 243.3), (232.3, 236.2), (312.3, 185.1), (392.3, 152.9), (439.0, 139.6), (439.0, 145.1), (377.0, 97.6), (342.3, 45.0), (392.0, 11.2), (472.0, -3.7), (552.0, 0.2), (632.0, 23.0), (712.0, 64.6), (792.0, 125.1), (872.0, 204.4), (952.0, 243.3)]",0,2.2
speedrunner,meatboy,7,Success,2,0,443.87,0.861,"[(105.0, 237.0), (152.3, 243.3), (232.3, 236.2), (312.3, 185.1), (392.3, 152.9), (408.0, 115.1), (345.3, 55.5), (364.0, 14.7), (442.0, -7.3), (522.0, -10.5), (602.0, 5.3), (682.0, 39.8), (762.0, 93.2), (842.0, 165.5), (922.0, 243.3)]",0,1.98
speedrunner,meatboy,7,Success,2,0,443.87,0.861,"[(105.0, 237.0), (152.3, 243.3), (232.3, 236.2), (312.3, 185.1), (392.3, 152.9), (408.0, 115.1), (345.3, 55.5), (364.0, 14.7), (442.0, -7.3), (522.0, -10.5), (602.0, 5.3), (682.0, 39.8), (762.0, 93.2), (842.0, 165.5), (922.0, 243.3)]",0,1.98
speedrunner,meatboy,7,Success,4,0,443.19,0.86,"[(105.0, 237.0), (152.3, 243.3), (232.3, 243.0), (312.3, 189.6), (392.3, 155.0), (408.0, 115.8), (345.3, 56.1), (364.0, 15.3), (440.7, -5.1), (520.7, -5.1), (600.7, 13.8), (680.7, 51.5), (760.7, 108.1), (840.7, 183.5), (920.7, 243.9)]",0,1.98
speedrunner,meatboy,7,Success,2,0,443.87,0.861,"[(105.0, 237.0), (152.3, 243.3), (232.3, 236.2), (312.3, 185.1), (392.3, 152.9), (408.0, 115.1), (345.3, 55.5), (364.0, 14.7), (442.0, -7.3), (522.0, -10.5), (602.0, 5.3), (682.0, 39.8), (762.0, 93.2), (842.0, 165.5), (922.0, 243.3)]",0,1.98
speedrunner,meatboy,7,Saw,1,0,195.6,0.381,"[(105.0, 237.0), (152.3, 243.3), (232.3, 243.0), (311.0, 195.5), (391.0, 158.6), (439.0, 143.5), (439.0, 148.3), (439.0, 171.8), (439.0, 210.3), (439.0, 250.0), (439.0, 289.7), (439.0, 329.4), (439.0, 369.1)]",0,1.67
speedrunner,meatboy,7,Success,4,0,430.89,0.861,"[(105.0, 237.0), (146.0, 243.3), (195.3, 243.0), (275.3, 207.4), (355.3, 165.8), (435.3, 143.0), (368.0, 82.1), (344.0, 31.8), (402.0, 0.4), (482.0, -9.0), (562.0, 0.5), (642.0, 28.8), (722.0, 75.9), (802.0, 141.9), (882.0, 226.7), (962.0, 243.0)]",0,2.05
speedrunner,meatboy,7,Success,2,0,443.87,0.861,"[(105.0, 237.0), (152.3, 243.3), (232.3, 236.2), (312.3, 185.1), (392.3, 152.9), (408.0, 115.1), (345.3, 55.5), (364.0, 14.7), (442.0, -7.3), (522.0, -10.5), (602.0, 5.3), (682.0, 39.8), (762.0, 93.2), (842.0, 165.5), (922.0, 243.3)]",0,1.98
speedrunner,meatboy,7,Success,3,0,443.11,0.86,"[(105.0, 237.0), (152.3, 243.3), (232.3, 236.2), (312.3, 185.1), (392.3, 152.9), (408.0, 115.1), (345.3, 55.5), (364.0, 14.7), (440.7, -7.3), (520.7, -10.5), (600.7, 5.3), (680.7, 39.8), (760.7, 93.2), (840.5, 165.5), (920.5, 243.3)]",0,1.98
speedrunner,meatboy,7,Success,2,0,413.61,0.861,"[(105.0, 237.0), (136.1, 243.3), (169.2, 243.0), (225.0, 235.6), (304.4, 184.5), (384.4, 152.3), (418.3, 122.1), (349.0, 60.1), (357.0, 16.9), (432.0, -7.4), (512.0, -12.9), (592.0, 0.4), (672.0, 32.6), (752.0, 83.7), (832.0, 153.6), (912.0, 242.3), (992.0, 243.3)]",0,2.13
speedrunner,meatboy,7,Saw,0,0,370.57,0.381,"[(105.0, 237.0), (152.3, 243.3), (232.3, 243.0), (312.3, 253.6), (392.3, 283.0), (439.0, 325.9), (439.0, 365.6)]",0,0.88
speedrunner,meatboy,7,Success,2,0,443.87,0.861,"[(105.0, 237.0), (152.3, 243.3), (232.3, 236.2), (312.3, 185.1), (392.3, 152.9), (408.0, 115.1), (345.3, 55.5), (364.0, 14.7), (442.0, -7.3), (522.0, -10.5), (602.0, 5.3), (682.0, 39.8), (762.0, 93.2), (842.0, 165.5), (922.0, 243.3)]",0,1.98
speedrunner,meatboy,7,Success,2,0,443.87,0.861,"[(105.0, 237.0), (152.3, 243.3), (232.3, 236.2), (312.3, 185.1), (392.3, 152.9), (408.0, 115.1), (345.3, 55.5), (364.0, 14.7), (442.0, -7.3), (522.0, -10.5), (602.0, 5.3), (682.0, 39.8), (762.0, 93.2), (842.0, 165.5), (922.0, 243.3)]",0,1.98
speedrunner,meatboy,7,Success,3,0,443.11,0.86,"[(105.0, 237.0), (152.3, 243.3), (232.3, 236.2), (312.3, 185.1), (392.3, 152.9), (408.0, 115.1), (345.3, 55.5), (364.0, 14.7), (440.7, -7.3), (520.7, -10.5), (600.7, 5.3), (680.7, 39.8), (760.7, 93.2), (840.5, 165.5), (920.5, 243.3)]",0,1.98
speedrunner,meatboy,7,Success,2,0,443.87,0.861,"[(105.0, 237.0), (152.3, 243.3), (232.3, 236.2), (312.3, 185.1), (392.3, 152.9), (408.0, 115.1), (345.3, 55.5), (364.0, 14.7), (442.0, -7.3), (522.0, -10.5), (602.0, 5.3), (682.0, 39.8), (762.0, 93.2), (842.0, 165.5), (922.0, 243.3)]",0,1.98
speedrunner,meatboy,7,Success,2,0,443.87,0.861,"[(105.0, 237.0), (152.3, 243.3), (232.3, 236.2), (312.3, 185.1), (392.3, 152.9), (408.0, 115.1), (345.3, 55.5), (364.0, 14.7), (442.0, -7.3), (522.0, -10.5), (602.0, 5.3), (682.0, 39.8), (762.0, 93.2), (842.0, 165.5), (922.0, 243.3)]",0,1.98
speedrunner,meatboy,7,Saw,1,0,194.46,0.381,"[(105.0, 237.0), (152.3, 243.3), (232.3, 236.2), (312.3, 185.1), (392.3, 152.9), (439.0, 139.6), (439.0, 145.1), (439.0, 169.4), (439.0, 208.2), (439.0, 247.9), (439.0, 287.6), (439.0, 327.3), (439.0, 366.9)]",0,1.68
speedrunner,meatboy,7,Success,2,0,413.33,0.857,"[(105.0, 237.0), (143.2, 243.3), (199.4, 243.0), (279.4, 202.1), (359.4, 162.8), (439.4, 142.4), (336.8, 75.6), (299.4, 27.8), (346.8, -1.3), (426.8, -11.5), (506.8, -2.8), (586.8, 24.6), (666.8, 71.0), (746.8, 136.2), (826.8, 220.2), (906.8, 243.0), (986.8, 243.9)]",0,2.13
speedrunner,meatboy,7,Success,2,0,428.49,0.861,"[(105.0, 237.0), (143.2, 243.3), (188.0, 243.0), (267.6, 207.4), (347.6, 165.8), (427.6, 143.0), (377.0, 88.5), (342.3, 35.9), (392.0, 2.1), (472.0, -12.8), (552.0, -8.9), (632.0, 13.9), (712.0, 55.5), (792.0, 116.0), (872.0, 195.3), (952.0, 243.0)]",0,2.07
speedrunner,meatboy,7,Success,3,0,443.87,0.861,"[(105.0, 237.0), (152.3, 243.3), (232.3, 236.2), (312.3, 185.1), (392.3, 152.9), (408.0, 115.1), (345.3, 55.5), (364.0, 14.7), (442.0, -5.7), (522.0, -5.7), (602.0, 13.1), (682.0, 50.9), (762.0, 107.4), (842.0, 182.8), (922.0, 243.9)]",0,1.98
speedrunner,meatboy,7,Success,2,0,443.87,0.861,"[(105.0, 237.0), (152.3, 243.3), (232.3, 236.2), (312.3, 185.1), (392.3, 152.9), (408.0, 115.1), (345.3, 55.5), (364.0, 14.7), (442.0, -7.3), (522.0, -10.5), (602.0, 5.3), (682.0, 39.8), (762.0, 93.2), (842.0, 165.5), (922.0, 243.3)]",0,1.98
speedrunner,meatboy,7,Success,3,0,442.94,0.86,"[(105.0, 237.0), (152.3, 243.3), (232.3, 236.2), (312.3, 185.1), (392.3, 152.9), (408.0, 115.1), (345.3, 55.5), (364.0, 14.7), (440.7, -5.7), (520.7, -5.7), (600.7, 13.1), (680.7, 50.9), (760.7, 107.4), (840.2, 182.8), (920.2, 243.9)]",0,1.98
speedrunner,meatboy,7,Success,2,0,443.87,0.861,"[(105.0, 237.0), (152.3, 243.3), (232.3, 236.2), (312.3, 185.1), (392.3, 152.9), (408.0, 115.1), (345.3, 55.5), (364.0, 14.7), (442.0, -7.3), (522.0, -10.5), (602.0, 5.3), (682.0, 39.8), (762.0, 93.2), (842.0, 165.5), (922.0, 243.3)]",0,1.98
speedrunner,meatboy,7,Success,3,0,397.95,0.855,"[(105.0, 237.0), (146.0, 243.3), (183.7, 243.0), (219.4, 243.9), (265.1, 208.3), (345.1, 166.7), (425.1, 143.9), (377.0, 89.3), (342.3, 36.7), (392.0, 3.0), (472.0, -9.2), (552.0, -2.1), (632.0, 23.9), (712.0, 68.6), (789.7, 132.3), (864.4, 214.7), (944.4, 243.9)]",0,2.2
speedrunner,meatboy,7,Success,3,0,443.87,0.861,"[(105.0, 237.0), (152.3, 243.3), (232.3, 236.2), (312.3, 185.1), (392.3, 152.9), (408.0, 115.1), (345.3, 55.5), (364.0, 14.7), (442.0, -5.7), (522.0, -5.7), (602.0, 13.1), (682.0, 50.9), (762.0, 107.4), (842.0, 182.8), (922.0, 243.9)]",0,1.98
speedrunner,meatboy,7,Success,4,0,443.87,0.861,"[(105.0, 237.0), (152.3, 243.3), (232.3, 243.0), (312.3, 189.6), (392.3, 155.0), (408.0, 115.8), (345.3, 56.1), (364.0, 15.3), (442.0, -5.1), (522.0, -5.1), (602.0, 13.8), (682.0, 51.5), (762.0, 108.1), (842.0, 183.5), (922.0, 243.9)]",0,1.98
speedrunner,meatboy,7,Success,4,0,443.19,0.86,"[(105.0, 237.0), (152.3, 243.3), (232.3, 243.0), (312.3, 189.6), (392.3, 155.0), (408.0, 115.8), (345.3, 56.1), (364.0, 15.3), (440.7, -5.1), (520.7, -5.1), (600.7, 13.8), (680.7, 51.5), (760.7, 108.1), (840.7, 183.5), (920.7, 243.9)]",0,1.98
speedrunner,meatboy,7,Success,2,0,443.0,0.861,"[(105.0, 237.0), (148.3, 243.3), (228.0, 236.2), (308.0, 185.1), (388.0, 152.9), (418.3, 122.7), (349.0, 60.7), (357.0, 17.5), (432.0, -6.8), (512.0, -12.3), (592.0, 1.0), (672.0, 33.2), (752.0, 84.3), (832.0, 154.2), (912.0, 242.9), (992.0, 243.3)]",0,2.0
speedrunner,meatboy,7,Success,2,0,443.87,0.861,"[(105.0, 237.0), (152.3, 243.3), (232.3, 243.0), (312.3, 195.5), (392.3, 158.6), (408.0, 121.1), (345.3, 61.4), (364.0, 20.6), (442.0, 0.2), (522.0, 0.2), (602.0, 19.1), (682.0, 56.8), (762.0, 113.3), (842.0, 188.7), (922.0, 243.0)]",0,1.98
speedrunner,meatboy,7,Success,3,0,400.15,0.861,"[(105.0, 237.0), (152.3, 243.3), (232.3, 236.2), (312.3, 185.1), (392.3, 152.9), (439.0, 139.6), (439.0, 145.1), (377.0, 97.6), (342.3, 45.0), (392.0, 11.2), (472.0, -3.7), (552.0, 0.2), (632.0, 23.0), (712.0, 64.6), (792.0, 125.1), (872.0, 204.4), (952.0, 243.3)]",0,2.2
speedrunner,meatboy,7,Success,3,0,369.39,0.857,"[(105.0, 237.0), (143.2, 243.3), (171.6, 243.0), (227.7, 235.6), (307.1, 184.5), (387.1, 152.3), (439.0, 139.0), (439.0, 144.5), (377.0, 97.0), (342.3, 44.4), (392.0, 10.6), (442.7, -1.5), (517.3, 5.6), (597.3, 31.5), (677.3, 76.3), (757.3, 139.9), (837.3, 222.4), (917.3, 243.0)]",0,2.38
speedrunner,meatboy,7,Success,2,0,399.55,0.86,"[(105.0, 237.0), (152.3, 243.3), (232.3, 236.2), (312.3, 185.1), (392.3, 152.9), (439.0, 139.6), (439.0, 145.1), (377.0, 97.6), (342.3, 45.0), (392.0, 11.2), (470.7, -3.7), (550.7, 0.2), (630.7, 23.0), (710.7, 64.6), (790.7, 125.1), (870.7, 204.4), (950.7, 243.3)]",0,2.2
